aar,dim_pe,distr_id,ejer,godk_pe,ho_id,komm_navn,komm_nr,link,mst_id,pkt_id,pkt_navn,pkt_type,rens_fr,rens_sta,udl_bi_ba,udl_bi_sta,udl_co_ba,udl_co_sta,udl_tn_ba,udl_tn_sta,udl_tp_ba,udl_tp_sta,udl_va_ba,udl_va_sta,vandomr_id,x_koord,y_koord
2024,15000,999,TØNDER SPILDEVAND A/S,15000,999,Tønder,,,00167ca8-4400-4630-80b7-7028395cd0a1,00167ca8-4400-4630-80b7-7028395cd0a1,SKÆRBÆK,Renseanlæg,,MBNK,,13239,,76104,,13438,,1290,,1087379,,483566.999999818,6110252.99987349
2024,30,999,SK SPILDEVAND A/S,30,999,Slagelse,,,004a215c-79d3-4273-83c3-3c7b03eeab20,004a215c-79d3-4273-83c3-3c7b03eeab20,VESTERMOSE SKOLE,Renseanlæg,,MBN,,99,,338,,92,,15,,1182,,652399.000001697,6149303.99987141
2024,7500,999,HERNING RENS A/S,7500,999,Herning,,,0061d39a-23f8-4d9a-b21e-e0622d241f6d,0061d39a-23f8-4d9a-b21e-e0622d241f6d,Aulum Renseanlæg,Renseanlæg,,MBNK,,3084,,24855,,3766,,232,,862856,,487773.999999861,6236203.99987336
2024,582,999,Investeringsselskabet I Mullerup ApS,582,999,Kalundborg,,,0080c78f-226b-41dc-baa5-e981a18230db,0080c78f-226b-41dc-baa5-e981a18230db,MULLERUP HAVN,Renseanlæg,,SOP,,660,,1350,,132,,22,,1182,,637423.409893218,6151758.43239069
2024,100000,999,KØGE AFLØB A/S,100000,999,Køge,,,00931f13-5e1c-420c-ade3-cab8bdd6f670,00931f13-5e1c-420c-ade3-cab8bdd6f670,Køge-Egnens Renseanlæg I/S,Renseanlæg,,MBNDK,,22788,,212247,,23586,,3532,,6730299,,703327.000001696,6154031.99986182
2024,12000,999,VORDINGBORG SPILDEVAND A/S,12000,999,Vordingborg,,,00e843bc-0a61-49ec-a3ef-40ff2d8003b9,00e843bc-0a61-49ec-a3ef-40ff2d8003b9,Præstø Renseanlæg,Renseanlæg,,MBNDK,,4193,,36639,,3157,,445,,1234265,,694605.000001853,6112729.99986501
2024,105000,999,SVENDBORG SPILDEVAND A/S,105000,999,Svendborg,,,01ab73b0-726e-4fc7-a5c1-256bb91575a8,01ab73b0-726e-4fc7-a5c1-256bb91575a8,Egsmade Renseanlæg,Renseanlæg,,MBNDK,,23033,,163611,,27834,,3620,,7198178,,611610.000001238,6103595.99987322
2024,48000,999,GRIBVAND A/S,48000,999,Gribskov,,,0275596e-5da9-4f0c-9f5e-994f62cf0668,0275596e-5da9-4f0c-9f5e-994f62cf0668,Gilleleje,Renseanlæg,,MBNDKL,,7665,,114024,,8483,,2416,,4611264,,705678.000001523,6223612.9998598
2024,1500,999,SKIVE VAND A/S,1500,999,Skive,,,0303ae7e-8a89-4ad8-8e81-a2e3ac19b5db,0303ae7e-8a89-4ad8-8e81-a2e3ac19b5db,Fur,Renseanlæg,,MBNDK,,623,,5695,,1390,,115,,299103,,499813.999999998,6295389.99987333
2024,200,999,,200,999,Sønderborg,,,03a4ceb4-c510-41bd-8f5e-5da9b2fac40f,03a4ceb4-c510-41bd-8f5e-5da9b2fac40f,GAMMELMARK STRAND CAMPING,Renseanlæg,,Mekanisk rens.,,3080,,6300,,748,,115,,7880,,546594.000000513,6082704.99987354
2024,420000,999,FREDERICIA SPILDEVAND OG ENERGI A/S,420000,999,Fredericia,,,0417e5a6-072e-45f2-b56c-c6c6a28e0eb8,0417e5a6-072e-45f2-b56c-c6c6a28e0eb8,FREDERICIA SPILDEVAND OG ENERGI A/S,Renseanlæg,,MBNDK,,22784,,255399,,37807,,10776,,11702386.0,,546660.000000522,6156309.99987343
2024,165,999,NK-SPILDEVAND A/S,165,999,Næstved,,,0420890f-e732-4daa-8b74-20b5e9ce452a,0420890f-e732-4daa-8b74-20b5e9ce452a,RING,Renseanlæg,,Mekanisk rens.,,51,,384,,67,,11,,12078,,681598.000001886,6113123.9998679
2024,200,999,Vejdirektoratet,200,999,Vordingborg,,,042fa816-8238-42cc-ad1d-905beb11590a,042fa816-8238-42cc-ad1d-905beb11590a,"RASTEPLADS, FARØ",Renseanlæg,,MB,,880,,2700,,616,,101,,7880,,690998.000001882,6093343.99986612
2024,100,999,KALUNDBORG RENSEANLÆG A/S,100,999,Kalundborg,,,0491a6d8-08e2-4666-81c1-6e6ddbafdce7,0491a6d8-08e2-4666-81c1-6e6ddbafdce7,TJØRNELUNDE,Renseanlæg,,BS  Biologisk sandfilter,,18,,528,,275,,67,,29162,,647502.000001649,6153258.99987176
2024,4300,999,LANGELAND SPILDEVAND ApS,4300,999,Langeland,,,04d362a5-9463-4828-bc45-1e76f5daa2ff,04d362a5-9463-4828-bc45-1e76f5daa2ff,Roløkke Renseanlæg,Renseanlæg,,MBNDK,,877,,11408,,1338,,131,,434229,,618440.00000131,6089919.99987312
2024,2800,999,TØNDER SPILDEVAND A/S,2800,999,Tønder,,,0567111c-85ae-4a3d-8b8a-f1d77fe12acd,0567111c-85ae-4a3d-8b8a-f1d77fe12acd,BREDEBRO,Renseanlæg,,MBNK,,1612,,12821,,2729,,304,,518805,,488382.999999872,6102250.99987351
2024,120000,999,AquaDjurs A/S,105000,999,Norddjurs,,,058c4887-f067-42ac-945a-672690d492a5,058c4887-f067-42ac-945a-672690d492a5,Fornæs,Renseanlæg,,MBNDK,,29941,,330321,,31137,,2329,,7185668,,621257.00000139,6256577.99987277
2024,400,999,TØNDER SPILDEVAND A/S,1000,999,Tønder,,,059c29e0-064a-4d7c-b140-8927f70c02db,059c29e0-064a-4d7c-b140-8927f70c02db,JEJSING,Renseanlæg,,MBNK,,100,,1323,,507,,13,,55755,,497564.999999973,6088238.99987353
2024,2000,999,BILLUND SPILDEVAND A/S,2000,999,Billund,,,063a23d8-84a8-4ecc-b0be-09428bfbbed2,063a23d8-84a8-4ecc-b0be-09428bfbbed2,Vorbasse,Renseanlæg,,MBNDKL,,1423,,6415,,885,,116,,315288,,505101.000000057,6163324.99987342
2024,65,999,Sundhaven ApS,65,999,Guldborgsund,,,0748388c-c9de-4bef-8345-c675e9150134,0748388c-c9de-4bef-8345-c675e9150134,Sundhaven Spildevand A/S,Renseanlæg,,MB,,286,,878,,200,,33,,2561,,685521.764820969,6067975.30325157
2024,7735,999,FAXE SPILDEVANDSCENTER A/S,7735,999,Faxe,,,07efd640-a063-4907-8e47-4d085d331947,07efd640-a063-4907-8e47-4d085d331947,DALBY,Renseanlæg,,MBNDK,,1391,,8655,,920,,77,,392800,,695229.000001835,6133583.99986459
2024,17500,999,VORDINGBORG SPILDEVAND A/S,13600,999,Vordingborg,,,09a1bb0c-f955-4657-b795-effbf5ff875d,09a1bb0c-f955-4657-b795-effbf5ff875d,STEGE,Renseanlæg,,MBNDK,,3780,,46530,,3531,,461,,1111178,,709128.000001637,6099962.99986063
2024,10000,999,HERNING RENS A/S,7000,999,Herning,,,0abffbef-8160-4a03-bd40-6f2f2f7ccbc0,0abffbef-8160-4a03-bd40-6f2f2f7ccbc0,Sunds Renseanlæg,Renseanlæg,,MBNK,,2897,,26112,,4888,,412,,1092298,,499221.999999991,6229466.99987336
2024,60,999,,60,999,Slagelse,,,0b34a66d-187e-4bb1-b8b7-82355cdd948e,0b34a66d-187e-4bb1-b8b7-82355cdd948e,ST.FREDERIKSLUND,Renseanlæg,,MBN,,198,,675,,185,,30,,2364,,652458.508212433,6148591.57613505
2024,8100,999,Skanderborg Spildevand A/S,12000,999,Skanderborg,,,0b409922-afdc-4e39-b835-334b4a1b51fb,0b409922-afdc-4e39-b835-334b4a1b51fb,Ry Renseanlæg,Renseanlæg,,MBNDK,,2111,,18059,,2568,,112,,643986,,546726.00000053,6216939.99987337
2024,25000,999,ODDER SPILDEVAND A/S,38000,999,Odder,,,0b4ef638-b0ef-4f48-8ef7-1cf9d2f7b332,0b4ef638-b0ef-4f48-8ef7-1cf9d2f7b332,Odder. Saksild Bugt,Renseanlæg,,MBNDKF,,6941,,56889,,18126,,458,,2106017,,578870.000000892,6204604.99987335
2024,225,999,LOLLAND SPILDEVAND A/S,225,999,Lolland,,,0b933ecf-789e-4431-b2d6-bac71ad91c15,0b933ecf-789e-4431-b2d6-bac71ad91c15,VEJLEBYSKOV,Renseanlæg,,MBS,,3,,50,,35,,6,,3109,,650379.000001652,6070523.99987186
2024,350,999,,200,999,Jammerbugt,,,0ba580d0-a988-40a2-a8e7-c817718d9b5f,0ba580d0-a988-40a2-a8e7-c817718d9b5f,Tranum Klit Camping,Renseanlæg,,Mekanisk rens.,,2002,,4095,,486,,75,,5122,,527840.000000324,6336642.99987333
2024,4000,999,ODSHERRED SPILDEVAND A/S,4000,999,Odsherred,,,0c1bfcfe-6c09-4377-b2ad-96ccdc704ef0,0c1bfcfe-6c09-4377-b2ad-96ccdc704ef0,VIG,Renseanlæg,,MBNDKL,,2622,,15028,,1498,,136,,492456,,662159.000001795,6191833.99987028
2024,3150,999,VEJLE SPILDEVAND A/S,3150,999,Vejle,,,0ce7afe0-e2f6-49da-8139-f03daf816cea,0ce7afe0-e2f6-49da-8139-f03daf816cea,EGTVED RENSEANLÆG,Renseanlæg,,MBNK,,437,,3118,,897,,43,,181042,,518447.237728952,6163664.53949488
2024,3600,999,VEJLE SPILDEVAND A/S,3600,999,Vejle,,,0d6d990e-0320-4ebd-828a-d5b44bf04da3,0d6d990e-0320-4ebd-828a-d5b44bf04da3,GÅRSLEV RENSEANLÆG,Renseanlæg,,MBNK,,493,,4064,,656,,39,,175511,,546341.910960895,6165318.00549821
2024,47000,999,Skanderborg Spildevand A/S,41382,999,Skanderborg,,,0da47d80-3589-460c-b6bf-ced1bfe9cfb9,0da47d80-3589-460c-b6bf-ced1bfe9cfb9,Skanderborg Centralrenseanlæg,Renseanlæg,,MBNDKF,,4663,,54133,,6266,,400,,2442379,,556484.000000639,6209285.99987337
2024,100,999,AARHUS AADAL GOLF CLUB,50,999,Aarhus,,,0dd8b874-4389-4b40-aaf8-5950c5d6d3fd,0dd8b874-4389-4b40-aaf8-5950c5d6d3fd,Aarhus Aadal Golfcenter,Renseanlæg,,MBNK,,110,,450,,154,,4,,1970,,563004.000000715,6220192.99987336
2024,100,999,UBBERUP HØJSKOLE,100,999,Kalundborg,,,0e05defe-7817-49a9-8044-b0616ff3b006,0e05defe-7817-49a9-8044-b0616ff3b006,UBBERUP HØJSKOLE,Renseanlæg,,Mekanisk rens.,,770,,1575,,187,,29,,1970,,637314.198867872,6171503.62048976
2024,4000,999,BILLUND SPILDEVAND A/S,4000,999,Billund,,,0e0e257a-12de-480b-8e35-7691f7d8a50f,0e0e257a-12de-480b-8e35-7691f7d8a50f,Stenderup-Krogager,Renseanlæg,,MBNKL,,1227,,8449,,3097,,230,,563748,,489605.999999883,6172331.99987341
2024,600,999,HORSENS VAND A/S,600,999,Horsens,,,0e863baf-dfed-42b1-8f89-79479f1a8ed2,0e863baf-dfed-42b1-8f89-79479f1a8ed2,Endelave Renseanlæg,Renseanlæg,,MBNDK,,146,,983,,70,,9,,15861,,578777.000000886,6178626.99987337
2024,100,999,SK SPILDEVAND A/S,100,999,Slagelse,,,0f8a9f40-2db6-4ff9-b5a2-4008f26e5596,0f8a9f40-2db6-4ff9-b5a2-4008f26e5596,LUNDBY,Renseanlæg,,MBN,,8,,125,,82,,19,,3347,,651722.284200863,6124781.24113184
2024,85,999,GULDBORGSUND SPILDEVAND A/S,85,999,Guldborgsund,,,0f90d564-ff89-409b-9e25-76f098b1b98c,0f90d564-ff89-409b-9e25-76f098b1b98c,BYSKOV,Renseanlæg,,Mekanisk rens.,,770,,1575,,187,,29,,1970,,682048.000001888,6080473.99986809
2024,3100,999,ENERGI VIBORG VAND A/S,3000,999,Viborg,,,0f958026-5e8f-4b06-95d0-837a34850429,0f958026-5e8f-4b06-95d0-837a34850429,Trevad,Renseanlæg,,MBNDK,,580,,5691,,953,,129,,249218,,499049.999999989,6257437.99987335
2024,225000,999,MARIAGERFJORD VAND A/S,208500,999,Mariagerfjord,,,0fd53e4a-71ec-497c-8855-2632e7258f40,0fd53e4a-71ec-497c-8855-2632e7258f40,Himmerlands Renseanlæg,Renseanlæg,,MBNDK,,13489,,172935,,18281,,881,,6642634,,583406.000000961,6290516.99987327
2024,6800,999,BRØNDERSLEV SPILDEVAND A/S,7519,999,Brønderslev,,,1079549d-ab03-4ae5-9df5-db676a76b402,1079549d-ab03-4ae5-9df5-db676a76b402,Hjallerup,Renseanlæg,,MBNDKL,,2306,,19889,,3844,,408,,891778,,569769.52404289,6337015.02017784
2024,6510,999,STRUER FORSYNING SPILDEVAND A/S,6510,999,Struer,,,1177a35d-5c22-430d-acc6-0a11c3d36519,1177a35d-5c22-430d-acc6-0a11c3d36519,Flovlev,Renseanlæg,,MBNDK,,1328,,8499,,1317,,176,,503168,,468076.999999634,6276605.99987334
2024,4200,999,GRIBVAND A/S,4195,999,Gribskov,,,12286672-b9f9-427d-a5cf-70f0c2a2f9f2,12286672-b9f9-427d-a5cf-70f0c2a2f9f2,Stokkebro-Rågemark,Renseanlæg,,MBN,,585,,15541,,2712,,225,,508384,,696108.000001753,6219922.99986323
2024,36,999,,36,999,Aarhus,,,127e51e5-bbb9-4e75-9e4b-c9a0f0a859e6,127e51e5-bbb9-4e75-9e4b-c9a0f0a859e6,"Elmosevej, Fællesprivat sandfilteranlæg. Del Af Neder Fløjstrup",Renseanlæg,,BS  Biologisk sandfilter,,158,,486,,111,,18,,1418,,577338.000000876,6212055.99987334
2024,40,999,ANDELSKARTOFFELMELSFABRIKKEN VENDSYSSEL A.M.B.A. (AKV LANGHOLT A.M.B.A.),0,999,Aalborg,,,1280056c-0cd4-4759-bab5-84f23245c30a,1280056c-0cd4-4759-bab5-84f23245c30a,AKV Amba,Renseanlæg,,MB,,41,,56,,62,,10,,2158,,566645.000000774,6332590.99987331
2024,35000,999,SK SPILDEVAND A/S,35000,999,Slagelse,,,12a15576-7982-4cfc-bf5f-4f26248d99ae,12a15576-7982-4cfc-bf5f-4f26248d99ae,SKÆLSKØR,Renseanlæg,,MBNDK,,2509,,36749,,2596,,200,,1088998,,646005.000001624,6124604.99987196
2024,83000,999,AARHUS VAND A/S,100000,999,Aarhus,,,12c7c11f-becc-40c2-a459-6661ceced388,12c7c11f-becc-40c2-a459-6661ceced388,Viby J - Ballebæk - fiktivt,Renseanlæg,,Sekundær udledning,,2276,,20711,,8285,,314,,996024,,570580.864092309,6215718.94046162
2024,20000,999,LANGELAND SPILDEVAND ApS,14500,999,Langeland,,,137da2f5-0fcf-45c0-bfd6-58b72d1fa090,137da2f5-0fcf-45c0-bfd6-58b72d1fa090,Rudkøbing Renseanlæg,Renseanlæg,,MBNDK,,2179,,24788,,4547,,415,,1069941,,608260.000001196,6088399.9998733
2024,5000,999,TØNDER SPILDEVAND A/S,5000,999,Tønder,,,142ed8ab-93a6-46ba-ac11-f12d8f2412dc,142ed8ab-93a6-46ba-ac11-f12d8f2412dc,TOFTLUND,Renseanlæg,,MBNDK,,1432,,14388,,1717,,155,,707288,,504579.000000051,6116555.99987349
2024,2500,999,SORØ SPILDEVAND A/S,2500,999,Sorø,,,14ebd89f-8258-49aa-8543-b73b4ac3ac5f,14ebd89f-8258-49aa-8543-b73b4ac3ac5f,RUDS VEDBY,Renseanlæg,,MBNDK,,1022,,14552,,3782,,169,,613058,,649703.000001673,6157870.99987159
2024,7000,999,Novafos Spildevand Frederikssund A/S,7000,999,Frederikssund,,,153d4086-40f4-4cce-b10f-8c0887555a16,153d4086-40f4-4cce-b10f-8c0887555a16,Neder Dråby,Renseanlæg,,MBNDK,,1447,,12665,,2684,,182,,515907,,687882.331895559,6194278.1226624
2024,6000,999,ARWOS SPILDEVAND A/S,6000,999,Aabenraa,,,15bc1a77-1365-4726-8f54-3c428b704cc5,15bc1a77-1365-4726-8f54-3c428b704cc5,Stenneskær Renseanlæg,Renseanlæg,,MBNDK,,2643,,20674,,2711,,505,,846137,,533964.000000375,6098726.99987351
2024,3000,999,DIN Forsyning Spildevand A/S,1800,999,Varde,,,15c226aa-9603-4565-a889-f06a58633b9c,15c226aa-9603-4565-a889-f06a58633b9c,Sig Renseanlæg,Renseanlæg,,MBN,,399,,5843,,1106,,85,,360660,,473376.999999701,6167951.99987342
2024,60,999,,60,999,Guldborgsund,,,16eb5bc4-c63c-4fec-8c59-6643f8b05598,16eb5bc4-c63c-4fec-8c59-6643f8b05598,FALSTER GOLFKLUB,Renseanlæg,,MBN,,198,,675,,185,,30,,2364,,690155.714233821,6080511.53944604
2024,130000,999,Thy Renseanlæg A/S,130000,999,Thisted,,,17479b81-a057-4a24-9130-98372e569909,17479b81-a057-4a24-9130-98372e569909,Thisted,Renseanlæg,,MBNDK,,5434,,91560,,16542,,1631,,3745500,,481888.999999791,6309851.99987333
2024,300,999,REBILD VAND & SPILDEVAND A/S,167,999,Rebild,,,1794fce4-50d0-48d2-9cf7-bda86e6dc391,1794fce4-50d0-48d2-9cf7-bda86e6dc391,Binderup kro,Renseanlæg,,MB,,8,,,,25,,15,,2348,,532343.000000372,6288640.99987333
2024,70,999,Forsvaret og Forsvarsministeriets styrelser,70,999,Haderslev,,,17cfc787-3a8a-45c7-a1c4-52cad36bd04f,17cfc787-3a8a-45c7-a1c4-52cad36bd04f,BÆKSKOV RADARSTATION,Renseanlæg,,Mekanisk rens.,,1078,,2205,,262,,40,,2758,,514187.000000158,6123852.99987347
2024,60000,999,STRUER FORSYNING SPILDEVAND A/S,60000,999,Struer,,,17ed31eb-9442-4731-9c22-749dd8523a61,17ed31eb-9442-4731-9c22-749dd8523a61,Struer,Renseanlæg,,MBNDK,,4194,,34585,,4442,,459,,1854847,,476291.999999729,6261529.99987334
2024,2500,999,VESTFORSYNING SPILDEVAND A/S,1325,999,Holstebro,,,1880087f-9137-4214-88f6-5ca0126ccfeb,1880087f-9137-4214-88f6-5ca0126ccfeb,Thorsminde,Renseanlæg,,MBNK,,316,,2257,,303,,22,,83399,,446176.999999386,6247826.99987335
2024,1200,999,LANGELAND SPILDEVAND ApS,1200,999,Langeland,,,1897f1a3-2de5-45a3-9abf-24899124d799,1897f1a3-2de5-45a3-9abf-24899124d799,Snøde Renseanlæg,Renseanlæg,,MBNDK,,222,,2064,,387,,34,,94316,,623600.000001373,6105479.99987297
2024,48300,999,VANDCENTER SYD A/S,48300,999,Odense,,,18ae8c6b-7731-46a3-93eb-451a26c57346,18ae8c6b-7731-46a3-93eb-451a26c57346,Nordvest Renseanlæg,Renseanlæg,,MBNDKF,,7173,,202994,,41285,,1752,,7975508,,586620.000000967,6142584.99987339
2024,12000,999,Novafos Spildevand Allerød A/S,7340,999,Allerød,,,191e5bed-f290-473b-9fcd-4d6a7d81e931,191e5bed-f290-473b-9fcd-4d6a7d81e931,Lynge Renseanlæg,Renseanlæg,,MBNDKF,,592,,11151,,936,,231,,451832,,705058,6192127
2024,100000,999,HILLERØD SPILDEVAND A/S,100000,999,Hillerød,,,194543a3-94ab-4c2e-b54b-ae60c48c8cb9,194543a3-94ab-4c2e-b54b-ae60c48c8cb9,HCRSyd - Pøle Å,Renseanlæg,,MBNDKFL,,10158,,171331,,18254,,1123,,6867358,,705548.747508666,6203351.69926482
2024,3200,999,LÆSØ VAND A/S,2680,999,Læsø,,,1a22179d-a885-45f7-98fb-d847f4b145e5,1a22179d-a885-45f7-98fb-d847f4b145e5,Vesterø,Renseanlæg,,MB,,805,,10727,,2079,,323,,245370,,616042.999999999,6352205
2024,10500,999,ARWOS SPILDEVAND A/S,10500,999,Aabenraa,,,1a752106-87a7-4915-91bb-7028a0c6e7f0,1a752106-87a7-4915-91bb-7028a0c6e7f0,Kollund Renseanlæg,Renseanlæg,,MBK,,832,,8311,,1611,,435,,307281,,530019.00000033,6077186.99987355
2024,1200,999,LANGELAND SPILDEVAND ApS,1200,999,Langeland,,,1a866fdc-4bf2-415f-a683-8c7c57c51072,1a866fdc-4bf2-415f-a683-8c7c57c51072,Lejbølle Renseanlæg,Renseanlæg,,MBNDK,,167,,2822,,814,,74,,134375,,621882.000001351,6099017.99987302
2024,32000,999,DIN Forsyning Spildevand A/S,32000,999,Varde,,,1aee5d84-23c2-4646-967e-f0ab7ffa6b2d,1aee5d84-23c2-4646-967e-f0ab7ffa6b2d,Varde Renseanlæg,Renseanlæg,,MBNDK,,9057,,117696,,18344,,1346,,5358059,,465851.999999618,6163009.99987342
2024,2971,999,AquaDjurs A/S,2971,999,Syddjurs,,,1c123e82-9a7c-412d-8111-f8843a6d9454,1c123e82-9a7c-412d-8111-f8843a6d9454,Marbæk,Renseanlæg,,MBNK,,994,,14126,,1790,,291,,355509,,576855.000000877,6248045.99987332
2024,6500,999,FORS Spildevand Roskilde A/S,6500,999,Roskilde,,,1c4cddf8-4ec3-422e-b53b-edc38dffdeef,1c4cddf8-4ec3-422e-b53b-edc38dffdeef,Gadstrup,Renseanlæg,,MBND,,1527,,16067,,2247,,134,,796690,,694766.00000182,6162939.99986436
2024,38500,999,FREDENSBORG SPILDEVAND A/S,17085,999,Fredensborg,,,1cbe99e3-b2d8-429a-a1ee-53e8ba2df1f9,1cbe99e3-b2d8-429a-a1ee-53e8ba2df1f9,Nivå Renseanlæg,Renseanlæg,,MBNDK,,5850,,63454,,5769,,918,,2000954,,719818.000000913,6203912.99985362
2024,50,999,BEWI Denmark A/S,100,999,Vejen,,,1d6cd10e-35b1-443a-9a79-d8ce9ae7935f,1d6cd10e-35b1-443a-9a79-d8ce9ae7935f,BEWI Denmark A/S,Renseanlæg,,LT  Lavteknologisk anlæg,,220,,675,,154,,25,,1970,,492750.999999919,6157603.99987343
2024,140,999,"Frivilligt Drenge- og Pige-Forbund, FDF",140,999,Skanderborg,,,1d72a470-4504-4f2c-ae5c-6519e63bdb31,1d72a470-4504-4f2c-ae5c-6519e63bdb31,Spejdercentret Sletten,Renseanlæg,,MBND,,308,,1260,,62,,71,,5516,,541198.000000467,6219292.99987337
2024,50000,999,SK SPILDEVAND A/S,40000,999,Slagelse,,,1dc57ff4-ef1e-43ea-8fcd-ad04254dd966,1dc57ff4-ef1e-43ea-8fcd-ad04254dd966,KORSØR RENSEANLÆG,Renseanlæg,,MBNDK,,3641,,83425,,8498,,871,,2687086,,636779.000001527,6129993.99987244
2024,39900,999,JAMMERBUGT FORSYNING A/S,39900,999,Jammerbugt,,,1dcc5c33-a64e-40f7-baf5-b893d1ee09f0,1dcc5c33-a64e-40f7-baf5-b893d1ee09f0,Sigsgård,Renseanlæg,,MBNDK,,7720,,84979,,14518,,983,,3296405,,541543,6340189
2024,800,999,TØNDER SPILDEVAND A/S,800,999,Tønder,,,1ddfad4e-07d8-4dc6-9f2a-d33b9ced97e2,1ddfad4e-07d8-4dc6-9f2a-d33b9ced97e2,BEDSTED,Renseanlæg,,MBNK,,973,,4700,,4723,,198,,370779,,506425.000000071,6100458.99987351
2024,4500,999,KALUNDBORG RENSEANLÆG A/S,4500,999,Kalundborg,,,1ed5823c-20c5-4fed-b69d-61c5a08139bb,1ed5823c-20c5-4fed-b69d-61c5a08139bb,FUGLEDE,Renseanlæg,,MBNK,,1684,,16358,,6351,,270,,717121,,640618.000001578,6161253.99987216
2024,280,999,,200,999,Odder,,,1f30b616-529a-4491-bf74-c70dee9f10c5,1f30b616-529a-4491-bf74-c70dee9f10c5,Skovgårdsparken,Renseanlæg,,MB,,880,,2700,,616,,101,,7880,,569935.000000789,6192262.99987338
2024,4650,999,SORØ SPILDEVAND A/S,6000,999,Sorø,,,1f5c91d9-461a-4265-91dd-daea0fcf7e07,1f5c91d9-461a-4265-91dd-daea0fcf7e07,DIANALUND,Renseanlæg,,MBNDK,,1775,,16613,,1972,,177,,489250,,656901.000001741,6156051.99987099
2024,750,999,TØNDER SPILDEVAND A/S,750,999,Tønder,,,1f8a5060-9129-453a-ae91-08d2aeb8bfa8,1f8a5060-9129-453a-ae91-08d2aeb8bfa8,ØSTER HØJST,Renseanlæg,,MBK,,846,,5465,,1518,,38,,299511,,501755.000000019,6095062.99987352
2024,45,999,VEJRØ ApS,45,999,Lolland,,,1f956eb8-bdfd-4572-a519-2b53e50e6df3,1f956eb8-bdfd-4572-a519-2b53e50e6df3,VEJRØ,Renseanlæg,,MB,,198,,608,,139,,23,,1773,,651706.136978093,6101284.77827093
2024,4500,999,TØNDER SPILDEVAND A/S,2600,999,Tønder,,,203f1085-6502-49e5-8811-c1faf4401f8f,203f1085-6502-49e5-8811-c1faf4401f8f,AGERSKOV,Renseanlæg,,MBNK,,758,,4851,,2242,,71,,195144,,507555.000000084,6108784.9998735
2024,14000,999,FFV SPILDEVAND A/S,12000,999,Faaborg-Midtfyn,,,20b15927-c61c-449c-956c-3f694544144e,20b15927-c61c-449c-956c-3f694544144e,Ringe Renseanlæg,Renseanlæg,,MBNDKL,,2049,,20890,,3094,,190,,1145356,,592309.367285305,6120416.22055804
2024,11000,999,GULDBORGSUND SPILDEVAND A/S,5763,999,Guldborgsund,,,20ee5bba-3da3-46e9-b320-67de4e6705a7,20ee5bba-3da3-46e9-b320-67de4e6705a7,FREJLEV,Renseanlæg,,MBNDK,,1443,,16802,,2573,,500,,745165,,678288.000001874,6063753.99986886
2024,600,999,HERNING RENS A/S,480,999,Herning,,,20ef912f-20e5-42f4-bb66-13aa4a69025b,20ef912f-20e5-42f4-bb66-13aa4a69025b,Stakroge Renseanlæg,Renseanlæg,,MBN,,181,,2453,,279,,26,,84755,,490638.999999894,6194592.99987339
2024,30000,999,SORØ SPILDEVAND A/S,30000,999,Sorø,,,2198bebb-978d-453a-ac54-e50ab1f66dda,2198bebb-978d-453a-ac54-e50ab1f66dda,SORØ CENTRALRENSEANLÆG,Renseanlæg,,MBNDKL,,3804,,53305,,5459,,282,,1807785,,665850.000001813,6146019.99987008
2024,65,999,,65,999,Sønderborg,,,21ecaca3-108e-4d5d-ba90-13784d0e0330,21ecaca3-108e-4d5d-ba90-13784d0e0330,GENTOFTE FERIEKOLONI,Renseanlæg,,Mekanisk rens.,,1001,,2047,,243,,37,,2561,,546597.000000513,6082707.99987354
2024,5000,999,BILLUND SPILDEVAND A/S,5000,999,Billund,,,2230fe02-13d7-4ed5-8d5f-30c386c5c222,2230fe02-13d7-4ed5-8d5f-30c386c5c222,Sdr. Omme,Renseanlæg,,MBNKL,,2454,,16478,,4631,,389,,838656,,492696.999999918,6187717.9998734
2024,4800,999,FORS Spildevand Holbæk A/S,5170,999,Holbæk,,,2249dbeb-593b-4956-9c3c-b5f740ff3aa7,2249dbeb-593b-4956-9c3c-b5f740ff3aa7,GISLINGE,Renseanlæg,,MBNDK,,642,,6712,,692,,94,,303920,,660921.000001782,6179865.99987048
2024,32000,999,VEJLE SPILDEVAND A/S,32000,999,Vejle,,,23d87cc9-7d91-4bfb-baac-7249d9ff4f5d,23d87cc9-7d91-4bfb-baac-7249d9ff4f5d,HARALDSKÆR RENSEANLÆG,Renseanlæg,,MBNDK,,7142,,59464,,8282,,707,,2813568,,525756.000000289,6171785.99987342
2024,34400,999,GULDBORGSUND SPILDEVAND A/S,35794,999,Guldborgsund,,,23e1178d-df42-4293-8ddf-82f5581f8024,23e1178d-df42-4293-8ddf-82f5581f8024,NYKØBING F. NORD,Renseanlæg,,MBNDK,,15472,,128681,,18738,,2284,,3710344,,685125.800001893,6073018.59986758
2024,120,999,GULDBORGSUND SPILDEVAND A/S,120,999,Guldborgsund,,,24aef38c-c072-435c-afc3-a6dcf0029920,24aef38c-c072-435c-afc3-a6dcf0029920,HESNÆS,Renseanlæg,,MB,,8,,,,97,,18,,4941,,701688.000001802,6079633.99986344
2024,600,999,,0,999,Frederikssund,,,251ad1b5-98a1-4848-a51f-5726c00b7c9a,251ad1b5-98a1-4848-a51f-5726c00b7c9a,Kulhuse Camping,Renseanlæg,,MB,,1320,,4050,,924,,151,,11820,,681793.000001875,6202217.9998671
2024,71500,999,TÅRNBYFORSYNING SPILDEVAND A/S,71000,999,Tårnby,,,25c4cf13-227e-461d-94e6-5ed39f85104f,25c4cf13-227e-461d-94e6-5ed39f85104f,Tårnby,Renseanlæg,,MBNDK,,24016,,202965,,39166,,6845,,5467687,,731709.000000089,6173164.99984728
2024,300,999,SILKEBORG SPILDEVAND A/S,300,999,Silkeborg,,,25e93670-a47b-4681-b20e-396fdc99140e,25e93670-a47b-4681-b20e-396fdc99140e,Grønbæk,Renseanlæg,,MBK,,77,,554,,68,,4,,17292,,538839.000000442,6236952.99987336
2024,3150,999,DIN Forsyning Spildevand A/S,2500,999,Esbjerg,,,26791429-d637-4e43-ae09-0a9d893c045d,26791429-d637-4e43-ae09-0a9d893c045d,Gredstedbro,Renseanlæg,,MBNDK,,761,,7740,,1120,,119,,437192,,482454.999999804,6138694.99987345
2024,70000,999,LEMVIG VAND OG SPILDEVAND A/S,54000,999,Lemvig,,,26d00f8e-3d52-4322-b9f8-ec01f2f75ea1,26d00f8e-3d52-4322-b9f8-ec01f2f75ea1,Lemvig,Renseanlæg,,MBNDK,,3942,,40339,,8141,,1233,,1512260,,457255.99999951,6268627.99987334
2024,350000,999,BIOFOS A/S,470000,999,København,,,2836aed3-5770-42ca-9709-78bec64c150f,2836aed3-5770-42ca-9709-78bec64c150f,Renseanlæg Damhusåen  - Aflastning af renset spildevand,Renseanlæg,,Sekundær udledning,,0,,0,,0,,0,,0,,720673.405606305,6171185.87860387
2024,9550,999,HTK KLOAK A/S,9550,999,Høje-Taastrup,,,2848f6f1-67c8-4fa7-8490-dd96e358b2e6,2848f6f1-67c8-4fa7-8490-dd96e358b2e6,Kallerup,Renseanlæg,,MBNDK,,1939,,21835,,3302,,231,,1007228,,701162.000001715,6173458.99986225
2024,17800,999,SKIVE VAND A/S,17800,999,Skive,,,29e6788f-eed7-4ace-9295-e35d1ed44dab,29e6788f-eed7-4ace-9295-e35d1ed44dab,Harre-Vejle,Renseanlæg,,MBNDK,,2316,,21551,,2766,,245,,1060791,,490196.999999887,6287245.99987333
2024,170000,999,VEJLE SPILDEVAND A/S,170000,999,Vejle,,,2a3e91ab-47de-4611-98c6-56f0fc03aad8,2a3e91ab-47de-4611-98c6-56f0fc03aad8,VEJLE CENTRALRENS.,Renseanlæg,,MBNDK,,47761,,297810,,81424,,3712,,14224695.0,,534035.735783608,6173205.04287897
2024,4950,999,FORS Spildevand Lejre A/S,4950,999,Lejre,,,2a837ada-7f90-4b0d-9068-61cc6dc33304,2a837ada-7f90-4b0d-9068-61cc6dc33304,Lejre Renseanlæg,Renseanlæg,,MBNDL,,1532,,10707,,1137,,119,,340234,,687988.000001868,6166101.99986606
2024,800,999,SK SPILDEVAND A/S,800,999,Slagelse,,,2b3ef989-d79f-4544-93a1-5584e5f26260,2b3ef989-d79f-4544-93a1-5584e5f26260,RUDE,Renseanlæg,,MBN,,412,,3893,,629,,228,,113756,,655929.000001723,6122713.99987122
2024,900,999,,900,999,Guldborgsund,,,2b545d1f-e40f-4975-bc83-dea400d98b02,2b545d1f-e40f-4975-bc83-dea400d98b02,ULSLEV CAMPING,Renseanlæg,,MBS,,3960,,12150,,2772,,454,,35460,,694453.047910351,6069856.26116006
2024,1000,999,FREDERIKSHAVN SPILDEVAND A/S,3880,999,Frederikshavn,,,2b8ef25e-d39a-47ef-9489-a1479e64df2e,2b8ef25e-d39a-47ef-9489-a1479e64df2e,Voerså,Renseanlæg,,MB,,328,,4814,,1296,,352,,162934,,590202.00000105,6341210.99987323
2024,40,999,,40,999,Sønderborg,,,2c603b9d-9ece-41ad-b9f3-e974d0dd5199,2c603b9d-9ece-41ad-b9f3-e974d0dd5199,LAVENSBY STRAND CAMPING,Renseanlæg,,MK,,396,,900,,123,,4,,1576,,550909.000000563,6103039.99987351
2024,850000,999,FREDERIKSHAVN SPILDEVAND A/S,571000,999,Frederikshavn,,,2c6c46e6-fadd-480e-8c36-0076b96472df,2c6c46e6-fadd-480e-8c36-0076b96472df,Skagen Renseanlæg Ny,Renseanlæg,,MBNDK,,14372,,176610,,22229,,1452,,4239886,,591373.793812383,6402437.13961978
2024,120,999,TØNDER SPILDEVAND A/S,120,999,Tønder,,,2c75ace8-8805-4ee1-abb4-d084ef4e022e,2c75ace8-8805-4ee1-abb4-d084ef4e022e,ÅBØL,Renseanlæg,,MBN,,121,,1163,,546,,35,,58054,,507990.000000089,6120910.99987348
2024,1400,999,JAMMERBUGT FORSYNING A/S,1400,999,Jammerbugt,,,2c84ce9d-459e-4885-89c6-79cab1c1cbb8,2c84ce9d-459e-4885-89c6-79cab1c1cbb8,Gjøl,Renseanlæg,,MB,,382,,2748,,753,,28,,136080,,543413.000000503,6324727.99987333
2024,23000,999,FAXE SPILDEVANDSCENTER A/S,23000,999,Faxe,,,2cbcca8b-cb82-4702-937b-aa7710c6853a,2cbcca8b-cb82-4702-937b-aa7710c6853a,HASLEV C.,Renseanlæg,,MBNDK,,4089,,48997,,4833,,445,,2043400,,684239.000001885,6136244.99986718
2024,80,999,SK SPILDEVAND A/S,150,999,Slagelse,,,2d19d392-6037-4532-ab67-615e5044dc17,2d19d392-6037-4532-ab67-615e5044dc17,Høve renseanlæg,Renseanlæg,,MBBR,,377,,2294,,579,,97,,39658,,651061.287267511,6128701.90895923
2024,700,999,ENERGI VIBORG VAND A/S,700,999,Viborg,,,2d873632-32a8-4a21-b234-ea8442c1bde6,2d873632-32a8-4a21-b234-ea8442c1bde6,Ulbjerg,Renseanlæg,,MB,,250,,1808,,446,,25,,122425,,519458.000000223,6276112.99987334
2024,12000,999,FFV SPILDEVAND A/S,8200,999,Faaborg-Midtfyn,,,2dd014ff-b700-4619-a5bd-2806efb10f53,2dd014ff-b700-4619-a5bd-2806efb10f53,Sdr. Nærå Renseanlæg,Renseanlæg,,MBNDKL,,1674,,18325,,2793,,228,,1228099,,595118.035842716,6130625.46258989
2024,83000,999,AARHUS VAND A/S,100000,999,Aarhus,,,2e64c1a1-10e8-41d3-823c-7375272f70c9,2e64c1a1-10e8-41d3-823c-7375272f70c9,VIBY. Udløb til Århus Å,Renseanlæg,,MBNDKF,,18912,,152767,,58319,,1786,,7967936,,571250.040742968,6222275.69413651
2024,10000,999,FFV SPILDEVAND A/S,10000,999,Faaborg-Midtfyn,,,2ececf1b-eebe-4987-87d1-9f9dbd209b9a,2ececf1b-eebe-4987-87d1-9f9dbd209b9a,Kværndrup Renseanlæg,Renseanlæg,,MBNDKL,,1488,,7276,,1464,,113,,519042,,596629.546911276,6114970.86613903
2024,900,999,TØNDER SPILDEVAND A/S,900,999,Tønder,,,2f695b55-4ddf-4c99-b0b5-5582d3d4a68a,2f695b55-4ddf-4c99-b0b5-5582d3d4a68a,RUDBØL,Renseanlæg,,Rodzoneanlæg,,55,,488,,253,,46,,9264,,483076.999999814,6083762.99987354
2024,96,999,,100,999,Varde,,,2f7393c3-52aa-4eb6-92be-ba9acc54f009,2f7393c3-52aa-4eb6-92be-ba9acc54f009,Frøstruphave Efterskole,Renseanlæg,,MB,,374,,1148,,262,,43,,3349,,463595.999999591,6177857.99987341
2024,100,999,,100,999,Aabenraa,,,2fa85bf7-91ba-4551-85ac-6b3ecce8fb42,2fa85bf7-91ba-4551-85ac-6b3ecce8fb42,GRØNGRØFT ENGDALSSKOLEN,Renseanlæg,,MBK,,330,,1125,,308,,7,,3940,,535257.000000389,6089125.99987353
2024,1700,999,Bygningsstyrelsen,1700,999,Roskilde,,,2fe06d56-46f9-4167-8d81-ccb4c43ebf43,2fe06d56-46f9-4167-8d81-ccb4c43ebf43,Risø,Renseanlæg,,MBND,,176,,2581,,113,,57,,51618,,694559.000001812,6176968.99986424
2024,40,999,,40,999,Kerteminde,,,302dd0d2-02a8-4533-876d-975af840f962,302dd0d2-02a8-4533-876d-975af840f962,Kertemindevej 33 (Gartneri),Renseanlæg,,Mekanisk rens.,,616,,1260,,150,,23,,1576,,599060.000001106,6140849.99987331
2024,50,999,SK SPILDEVAND A/S,50,999,Slagelse,,,31450306-c606-476d-b3dd-b1162f0149c8,31450306-c606-476d-b3dd-b1162f0149c8,NORDRUP,Renseanlæg,,Mekanisk rens.,,770,,1575,,187,,29,,1970,,651523.919968177,6151868.87133279
2024,60,999,,60,999,Stevns,,,325614fa-bd77-41c3-8df9-2a0a450f0545,325614fa-bd77-41c3-8df9-2a0a450f0545,GJORSLEV GODS,Renseanlæg,,Rodzoneanlæg,,264,,810,,185,,30,,2364,,713908.00000141,6139682.99985796
2024,3000,999,SVENDBORG SPILDEVAND A/S,3000,999,Svendborg,,,32f1d533-630f-46b6-ab4a-dfb76139dd40,32f1d533-630f-46b6-ab4a-dfb76139dd40,Bjerreby Renseanlæg,Renseanlæg,,MBNDK,,947,,4899,,888,,111,,300305,,606275.000001175,6092249.99987332
2024,4650,999,ARWOS SPILDEVAND A/S,4650,999,Aabenraa,,,332e425d-26a0-4e1e-9e4e-77d6bdb0afa8,332e425d-26a0-4e1e-9e4e-77d6bdb0afa8,Brøde Renseanlæg,Renseanlæg,,MB,,8728,,47081,,3893,,1022,,402865,,533268.000000368,6107125.9998735
2024,4500,999,DIN Forsyning Spildevand A/S,4500,999,Varde,,,33420d1f-f6c5-4cf0-a49b-e87e0d4941e2,33420d1f-f6c5-4cf0-a49b-e87e0d4941e2,Nordenskov Renseanlæg,Renseanlæg,,MBNK,,456,,7290,,656,,112,,421709,,478241.999999756,6167843.99987342
2024,15000,999,ENERGI VIBORG VAND A/S,15000,999,Viborg,,,33bbb98e-8231-416e-9afa-3d16739192fc,33bbb98e-8231-416e-9afa-3d16739192fc,Karup,Renseanlæg,,MBNDK,,1660,,17580,,4790,,221,,1153164,,509418.000000107,6240392.99987336
2024,65,999,REBILD VAND & SPILDEVAND A/S,,999,Rebild,,,34119797-8abb-490c-aaa2-17935c0b17c1,34119797-8abb-490c-aaa2-17935c0b17c1,Solbjerg St. By Renseanlæg,Renseanlæg,,Mekanisk rens.,,477,,976,,116,,18,,1221,,570430.000000812,6295734.99987331
2024,31,999,,31,999,Sønderborg,,,353a08c3-ed81-457b-82f8-340f24f49d2e,353a08c3-ed81-457b-82f8-340f24f49d2e,KØBENHAVNS LÆRERFORENINGS KOLONI LØNSØMAJ,Renseanlæg,,Mekanisk rens.,,477,,976,,116,,18,,1221,,541470.000000458,6099204.99987351
2024,4400,999,MIDDELFART SPILDEVAND A/S,4400,999,Middelfart,,,3594b10d-3d8d-4adc-94a5-3673541ed858,3594b10d-3d8d-4adc-94a5-3673541ed858,Ejby Renseanlæg,Renseanlæg,,MBNKL,,1373,,21880,,2969,,460,,1235087,,559576.60401301,6142926.67184914
2024,60,999,AKJ Privat,60,999,Hedensted,,,359f73c8-16f7-41e0-a2a2-b57650baba0f,359f73c8-16f7-41e0-a2a2-b57650baba0f,Rohden Gods,Renseanlæg,,MBNK,,7,,0,,66,,1,,2364,,546413.000000521,6173229.99987341
2024,45,999,,45,999,Langeland,,,35d835ca-05e1-438e-8f30-0074e331c06c,35d835ca-05e1-438e-8f30-0074e331c06c,Skovsgård Renseanlæg,Renseanlæg,,Mekanisk rens.,,116,,237,,28,,4,,296,,612580.000001242,6079069.99987325
2024,45,999,FREDERIKSHAVN SPILDEVAND A/S,39,999,Frederikshavn,,,35df6917-18d0-41f2-8740-174d90bd7282,35df6917-18d0-41f2-8740-174d90bd7282,Karup,Renseanlæg,,BS  Biologisk sandfilter,,2,,39,,40,,4,,1704,,585415.000000998,6357995.99987325
2024,8000,999,DIN Forsyning Spildevand A/S,8000,999,Esbjerg,,,36151972-33bc-43df-a125-be6561101422,36151972-33bc-43df-a125-be6561101422,Bramming nord,Renseanlæg,,MBNDK,,1198,,10494,,805,,102,,571415,,480717,6148590
2024,27000,999,VEJEN FORSYNING A/S,27000,999,Vejen,,,3785b04e-4305-4869-8bec-4b44108a1d18,3785b04e-4305-4869-8bec-4b44108a1d18,Holsted by,Renseanlæg,,MBNDK,,9822,,80280,,7644,,1226,,2667772,,494062.999999934,6151661.99987344
2024,22000,999,HEDENSTED SPILDEVAND A/S,22000,999,Hedensted,,,37d8e773-2360-4139-a2b9-82f2a207b610,37d8e773-2360-4139-a2b9-82f2a207b610,Juelsminde,Renseanlæg,,MBNDK,,5617,,46768,,5176,,569,,1302499,,564300.000000723,6176669.9998734
2024,1750,999,PROVAS-HADERSLEV SPILDEVAND A/S,1700,999,Haderslev,,,37dafca8-97e7-40ee-9550-665299430fc3,37dafca8-97e7-40ee-9550-665299430fc3,SOMMERSTED,Renseanlæg,,MBN,,920,,7289,,2972,,417,,441127,,518048.000000201,6130644.99987346
2024,4500,999,BORNHOLMS SPILDEVAND A/S,5000,999,Bornholm,,,395a83ff-89bb-4863-8621-155287d0676b,395a83ff-89bb-4863-8621-155287d0676b,Boderne Renseanlæg,Renseanlæg,,MBK,,4262,,29452,,5689,,516,,1155591,,876907.999750047,6113067.99941259
2024,100,999,,100,999,Hillerød,,,396bb7fa-97a9-4b10-899d-1ecc1cc3912f,396bb7fa-97a9-4b10-899d-1ecc1cc3912f,Bendstrup Camping,Renseanlæg,,MBK,,330,,1125,,308,,7,,3940,,703070,6207206
2024,3000,999,DIN Forsyning Spildevand A/S,1730,999,Varde,,,39f5fc56-955a-4d19-9fba-515fbb0f4311,39f5fc56-955a-4d19-9fba-515fbb0f4311,Agerbæk Renseanlæg,Renseanlæg,,MBN,,285,,3299,,836,,49,,237920,,486862.999999853,6161284.99987343
2024,64000,999,SKIVE VAND A/S,64000,999,Skive,,,3a3bfe61-dd3d-4f75-8626-b2ae8f8d1207,3a3bfe61-dd3d-4f75-8626-b2ae8f8d1207,Skive,Renseanlæg,,MBNDK,,12789,,147024,,23762,,1218,,6886312,,502819.000000032,6269052.99987334
2024,3811,999,AquaDjurs A/S,3811,999,Syddjurs,,,3a78859a-f2bf-4933-9c77-780a04205403,3a78859a-f2bf-4933-9c77-780a04205403,Knebel,Renseanlæg,,MBNDK,,320,,4334,,403,,24,,265761,,592031.000001047,6230266.99987326
2024,2900,999,PROVAS-HADERSLEV SPILDEVAND A/S,2000,999,Haderslev,,,3ab61849-da3b-4e27-9bce-fa895c158be0,3ab61849-da3b-4e27-9bce-fa895c158be0,SKRYDSTRUP,Renseanlæg,,MBN,,1386,,9626,,2608,,445,,568087,,515666,6120496
2024,60,999,FJORDKROEN ApS,60,999,Næstved,,,3af39360-26d5-4e14-9e38-6a0512ab563e,3af39360-26d5-4e14-9e38-6a0512ab563e,ELNASMINDE,Renseanlæg,,MB,,264,,810,,185,,30,,2364,,693228.00000186,6117632.99986531
2024,30,999,,35,999,Syddjurs,,,3b520dac-fbb4-450a-9821-f01807c7908d,3b520dac-fbb4-450a-9821-f01807c7908d,Kalø Gods,Renseanlæg,,BS  Biologisk sandfilter,,154,,473,,108,,18,,1379,,592566.000001056,6240153.99987325
2024,120,999,,120,999,Faxe,,,3b52b4ca-d187-4a0c-96f6-affb4a34b4f1,3b52b4ca-d187-4a0c-96f6-affb4a34b4f1,LEESTRUP STRAND,Renseanlæg,,Mekanisk rens.,,1078,,2205,,262,,40,,2758,,694218.000001853,6118402.99986504
2024,75,999,,50,999,Hillerød,,,3b5b3d31-b4bd-46c1-a225-2d3c400dfe9e,3b5b3d31-b4bd-46c1-a225-2d3c400dfe9e,Bauneholm,Renseanlæg,,MB,,220,,675,,154,,25,,1970,,703609,6207738
2024,80,999,LOLLAND SPILDEVAND A/S,80,999,Lolland,,,3bcb9570-c21e-4d5c-a479-8913d552c30a,3bcb9570-c21e-4d5c-a479-8913d552c30a,OPAGER,Renseanlæg,,Mekanisk rens.,,770,,1575,,187,,29,,1970,,648988.000001638,6070943.99987196
2024,2100,999,PROVAS-HADERSLEV SPILDEVAND A/S,2625,999,Haderslev,,,3c7f93f8-59b8-4f4e-8dae-28d6469c348f,3c7f93f8-59b8-4f4e-8dae-28d6469c348f,HALK,Renseanlæg,,MK,,6516,,23224,,11289,,349,,572971,,542662,6115210
2024,560,999,LOLLAND SPILDEVAND A/S,560,999,Lolland,,,3cc32265-4c27-4545-829d-3a1772d6c948,3cc32265-4c27-4545-829d-3a1772d6c948,FEJØ VESTERGÅRD,Renseanlæg,,MK,,0,,6,,1,,0,,220,,651908.564969416,6090101.98425583
2024,50,999,,50,999,Lolland,,,3cc438e4-ce03-4a6a-9e31-3029b3c20efd,3cc438e4-ce03-4a6a-9e31-3029b3c20efd,HØJBYGÅRD FLYVEPLADS,Renseanlæg,,Mekanisk rens.,,770,,1575,,187,,29,,1970,,657605.800001721,6063873.79987134
2024,105,999,,105,999,Sønderborg,,,3ce8785e-41fa-45fd-b52e-718e82713a77,3ce8785e-41fa-45fd-b52e-718e82713a77,ARNBJERG FERIECENTER,Renseanlæg,,Mekanisk rens.,,1617,,3308,,393,,60,,4137,,550610.00000056,6103241.99987351
2024,43000,999,PROVAS-HADERSLEV SPILDEVAND A/S,65000,999,Haderslev,,,3d0d10fa-6670-4594-a887-afe2447d3f46,3d0d10fa-6670-4594-a887-afe2447d3f46,VOJENS 1,Renseanlæg,,MBNDKS,,3606,,28403,,2260,,615,,1268990,,519752,6121532
2024,2000,999,SK SPILDEVAND A/S,3000,999,Slagelse,,,3d3d22c1-bb95-4042-b52e-c255342e5c3b,3d3d22c1-bb95-4042-b52e-c255342e5c3b,SLOTS BJERGBY,Renseanlæg,,MBNL,,1978,,20208,,1516,,397,,346322,,645831.000001626,6137620.99987192
2024,50000,999,Novafos Spildevand Hørsholm A/S,50000,999,Hørsholm,,,3db3e1a2-931a-47b3-8f36-8cfdd8f98503,3db3e1a2-931a-47b3-8f36-8cfdd8f98503,Usserød,Renseanlæg,,MBNDKF,,4494,,99011,,18275,,3143,,4408923,,718448.00000101,6200652.99985443
2024,175000,999,HERNING RENS A/S,150000,999,Herning,,,3e388d11-e52f-47ce-a0c9-96ff083dd2e0,3e388d11-e52f-47ce-a0c9-96ff083dd2e0,Herning Renseanlæg - HCR,Renseanlæg,,MBNDKS,,30502,,310476,,77551,,5924,,11275720.0,,496310.999999958,6222578.99987337
2024,1897,999,AquaDjurs A/S,1897,999,Syddjurs,,,3e9bc063-8002-4caa-9dfa-38e41f2ff5be,3e9bc063-8002-4caa-9dfa-38e41f2ff5be,Thorsager,Renseanlæg,,MBN,,464,,4075,,810,,249,,122196,,590478.000001033,6245368.99987326
2024,9700,999,IKAST-BRANDE SPILDEVAND A/S,9700,999,Ikast-Brande,,,3ee899b8-3eb0-48d9-abbb-3cebbf84103a,3ee899b8-3eb0-48d9-abbb-3cebbf84103a,Nørre Snede Renseanlæg,Renseanlæg,,MBNDK,,2367,,23366,,1990,,149,,631327,,521253.00000024,6203942.99987338
2024,340,999,MIDDELFART SPILDEVAND A/S,340,999,Middelfart,,,3f20154c-7b7a-44c4-85d3-46fc50cb8c0f,3f20154c-7b7a-44c4-85d3-46fc50cb8c0f,Husby Renseanlæg,Renseanlæg,,BS  Biologisk sandfilter,,28,,376,,732,,105,,16735,,553894.0000006,6136294.99987346
2024,65,999,,0,999,Vejle,,,3fb05436-b4ee-4f71-8e37-29d649166c4c,3fb05436-b4ee-4f71-8e37-29d649166c4c,HARRESØ KRO,Renseanlæg,,BS  Biologisk sandfilter,,286,,878,,200,,33,,2561,,523464.000000264,6183939.9998734
2024,80,999,MARJATTAHJEMMENES STØTTEFOND,80,999,Næstved,,,3fb0e527-04a1-4955-be45-77ed8933c0f8,3fb0e527-04a1-4955-be45-77ed8933c0f8,Marjatta Strandvejen 11,Renseanlæg,,MBNDK,,88,,360,,18,,3,,1576,,692279.000001867,6116254.99986556
2024,63000,999,RINGKØBING-SKJERN FORSYNING A/S,63000,999,Ringkøbing-Skjern,,,3fbe989d-3fce-486d-9f93-dcdbf2f14575,3fbe989d-3fce-486d-9f93-dcdbf2f14575,Tarm,Renseanlæg,,MBNDK,,17754,,208339,,10822,,661,,3350415,,469078.999999651,6196435.99987339
2024,1400,999,RINGKØBING-SKJERN FORSYNING A/S,1120,999,Ringkøbing-Skjern,,,3aa3541a-3090-4c13-8f17-dd5ae18b7f3c,3aa3541a-3090-4c13-8f17-dd5ae18b7f3c,Tim,Renseanlæg,,MBNK,,709,,6753,,727,,60,,280936,,456412.399999506,6228440.99987336
2024,83000,999,NK-SPILDEVAND A/S,83000,999,Næstved,,,40464c5b-4e1a-4c05-ad85-3ae54bf1781f,40464c5b-4e1a-4c05-ad85-3ae54bf1781f,NÆSTVED,Renseanlæg,,MBNDK,,16803,,255658,,36321,,2574,,10708494.0,,673249.000001856,6121683.99986922
2024,70000,999,Grindsted Renseanlæg A/S,70000,999,Billund,,,40e29349-fc1d-4404-acf0-4003638dd8ea,40e29349-fc1d-4404-acf0-4003638dd8ea,Grindsted,Renseanlæg,,MBNDKL,,34706,,256778,,30092,,2934,,6538784,,491411.394863267,6179838.87708736
2024,654,999,REBILD VAND & SPILDEVAND A/S,200,999,Rebild,,,41b9d177-460c-4e49-a2b7-c1dfa7f7383c,41b9d177-460c-4e49-a2b7-c1dfa7f7383c,Stenild,Renseanlæg,,MBK,,94,,1063,,557,,88,,47641,,540778.000000468,6279979.99987334
2024,3500,999,ÆRØ VAND A/S,3500,999,Ærø,,,41eb0f31-e156-4bdd-a229-fd5ae6155f43,41eb0f31-e156-4bdd-a229-fd5ae6155f43,Søby Renseanlæg,Renseanlæg,,MBNK,,563,,4927,,642,,73,,228373,,579260.000000874,6088199.9998735
2024,3500,999,FFV SPILDEVAND A/S,3500,999,Faaborg-Midtfyn,,,426976e5-348b-4f31-86f9-d293a4d5fe02,426976e5-348b-4f31-86f9-d293a4d5fe02,Gislev Renseanlæg,Renseanlæg,,MBNKL,,551,,4334,,833,,30,,399246,,602903.976248556,6120429.72998353
2024,400000,999,BIOFOS A/S,400000,999,Hvidovre,,,426fe009-d383-4e55-b365-9cd7dbe1abdb,426fe009-d383-4e55-b365-9cd7dbe1abdb,Spildevandscenter Avedøre,Renseanlæg,,MBNDK,,64049,,878144,,154650,,18372,,28488012.0,,717275.000001188,6166622.99985582
2024,120,999,,120,999,Favrskov,,,44063f15-6ece-49a2-9816-59b4e777f1d5,44063f15-6ece-49a2-9816-59b4e777f1d5,Pøt Mølle,Renseanlæg,,Rodzoneanlæg,,528,,1620,,370,,60,,4728,,555579.000000633,6238071.99987336
2024,150000,999,MØLLEÅVÆRKET A/S,125000,999,Lyngby-Taarbæk,,,44f9a35f-2848-47f1-a82f-bdc2da36947c,44f9a35f-2848-47f1-a82f-bdc2da36947c,Mølleåværket A/S,Renseanlæg,,MBNDK,,57079,,336262,,77980,,12757,,10226110.0,,724999.000000596,6191008.99985101
2024,90,999,DET CLASSENSKE FIDEICOMMIS,90,999,Guldborgsund,,,450ae7b0-0da5-4b28-a07c-7109d7e7d445,450ae7b0-0da5-4b28-a07c-7109d7e7d445,Pomlenakke Traktørsted,Renseanlæg,,MB,,396,,1215,,277,,45,,3546,,700825.414056296,6078219.32633238
2024,280,999,Forsvaret og Forsvarsministeriets styrelser,,999,Christiansø,,,45285c99-3e7d-4521-8bba-d47b7a00f08f,45285c99-3e7d-4521-8bba-d47b7a00f08f,Christiansø,Renseanlæg,,Mekanisk rens.,,4312,,8820,,1047,,161,,11032,,892291.49361707,6147778.88551822
2024,850,999,PROVAS-HADERSLEV SPILDEVAND A/S,794,999,Haderslev,,,4586dff7-9706-4a7c-9c5f-dafafe847127,4586dff7-9706-4a7c-9c5f-dafafe847127,NUSTRUP,Renseanlæg,,MBN,,506,,3394,,1363,,165,,188563,,510863.000000121,6127026.99987347
2024,150,999,HALSNÆS SPILDEVAND A/S,120,999,Halsnæs,,,462a91d7-9280-4036-9fa3-d68232fb5b98,462a91d7-9280-4036-9fa3-d68232fb5b98,St. Havelse,Renseanlæg,,BS  Biologisk sandfilter,,55,,584,,542,,90,,32370,,691988.000001824,6198770.99986469
2024,2540,999,FAVRSKOV SPILDEVAND A/S,2540,999,Favrskov,,,471cdb5c-c07a-4568-b89c-704c4e5eb01b,471cdb5c-c07a-4568-b89c-704c4e5eb01b,Voldum,Renseanlæg,,MBNK,,171,,2314,,298,,21,,123334,,572770.662493856,6247863.00496878
2024,50,999,RESTAURANT GRUPPEN A/S,50,999,Næstved,,,47553939-2230-4be3-a5e1-f57147d58bb4,47553939-2230-4be3-a5e1-f57147d58bb4,GULERODSHUSET,Renseanlæg,,MB,,220,,675,,154,,25,,1970,,675125.857515038,6128864.79476463
2024,45,999,,45,999,Faaborg-Midtfyn,,,47c3e9a4-f5fb-4c96-8674-9be4e676ebb1,47c3e9a4-f5fb-4c96-8674-9be4e676ebb1,Brangstrupskolen Renseanlæg,Renseanlæg,,Mekanisk rens.,,194,,396,,47,,7,,495,,594940.000001055,6119699.99987338
2024,24000,999,Novafos Spildevand Egedal A/S,24000,999,Egedal,,,48011c6b-6276-4ae3-a289-5c2b4e3b1508,48011c6b-6276-4ae3-a289-5c2b4e3b1508,Ølstykke,Renseanlæg,,MBNDK,,3417,,50760,,6700,,819,,1980474,,697567.984831996,6184264.75519239
2024,100,999,VEMMETOFTE KLOSTER,100,999,Faxe,,,4821d6fe-d407-4186-92e3-bd415fa11afc,4821d6fe-d407-4186-92e3-bd415fa11afc,VEMMETOFTE,Renseanlæg,,Mekanisk rens.,,1232,,2520,,299,,46,,3152,,705128.000001692,6127722.99986161
2024,630,999,NK-SPILDEVAND A/S,630,999,Næstved,,,48364329-448f-4d5e-bfd1-577364836ff8,48364329-448f-4d5e-bfd1-577364836ff8,MENSTRUP,Renseanlæg,,MBNL,,303,,3105,,690,,30,,126379,,663256.000001788,6121832.9998705
2024,2200,999,RINGSTED SPILDEVAND A/S,2200,999,Ringsted,,,487c360a-0dfa-4588-a95b-de2e759b0fb0,487c360a-0dfa-4588-a95b-de2e759b0fb0,SNESLEV,Renseanlæg,,MBNK,,451,,4665,,1346,,45,,184385,,680432.000001882,6140440.99986789
2024,2500,999,Skanderborg Spildevand A/S,2200,999,Skanderborg,,,489737e3-9b23-40d2-a71e-59c99a46f8cb,489737e3-9b23-40d2-a71e-59c99a46f8cb,Gl. Rye Renseanlæg,Renseanlæg,,MBNK,,185,,2181,,220,,26,,90409,,543926.366336184,6212769.16821621
2024,100,999,HJØRRING VANDSELSKAB A/S,88,999,Hjørring,,,4976d3e3-533a-477a-9621-e97f0891ee3a,4976d3e3-533a-477a-9621-e97f0891ee3a,Morild,Renseanlæg,,BS  Biologisk sandfilter,,38,,164,,150,,16,,12924,,573096.000000854,6359599.9998733
2024,10000,999,FAVRSKOV SPILDEVAND A/S,10000,999,Favrskov,,,49870fc6-a8ff-451f-97eb-4209602766bd,49870fc6-a8ff-451f-97eb-4209602766bd,Drøsbro,Renseanlæg,,MBNK,,753,,7038,,709,,96,,351037,,547233.000000538,6241209.99987336
2024,1000,999,FREDENSBORG SPILDEVAND A/S,495,999,Fredensborg,,,49e109da-50fe-4ef6-a5eb-2e5ba8caac5d,49e109da-50fe-4ef6-a5eb-2e5ba8caac5d,Karlebo Renseanlæg,Renseanlæg,,MBN,,524,,4423,,1287,,260,,158858,,712984.00000129,6202687.99985707
2024,9800,999,FREDENSBORG SPILDEVAND A/S,9650,999,Fredensborg,,,4a65356f-6daa-4948-adfe-8a88926414a7,4a65356f-6daa-4948-adfe-8a88926414a7,Fredensborg Renseanlæg,Renseanlæg,,MBNDK,,2475,,32343,,3185,,285,,1174504,,712256.000001311,6207180.99985731
2024,11000,999,VANDCENTER SYD A/S,12500,999,Nordfyns,,,4b11c71e-8757-4a8e-80d4-77f019e73f57,4b11c71e-8757-4a8e-80d4-77f019e73f57,Otterup Renseanlæg,Renseanlæg,,MBNDKL,,5986,,40562,,11386,,971,,1916850,,589401.531300745,6153704.49746403
2024,85000,999,PROVAS-HADERSLEV SPILDEVAND A/S,40447,999,Haderslev,,,4b7da241-e48a-4387-b0be-eb293758f7a6,4b7da241-e48a-4387-b0be-eb293758f7a6,HADERSLEV,Renseanlæg,,MBNDK,,14853,,123674,,13351,,1956,,6567107,,532485.000000361,6122787.99987348
2024,40000,999,Novafos Spildevand Furesø A/S,31696,999,Furesø,,,4b8d3d56-d7ee-4288-9826-a2b86507b280,4b8d3d56-d7ee-4288-9826-a2b86507b280,Stavnsholt,Renseanlæg,,MBNDK,,2573,,35483,,3788,,128,,1477576,,713455,6190271.61
2024,450,999,HERNING RENS A/S,480,999,Herning,,,4be995d1-66e5-4b76-a0f2-9f55a52d0308,4be995d1-66e5-4b76-a0f2-9f55a52d0308,Hodsager Renseanlæg,Renseanlæg,,MBN,,382,,4026,,635,,94,,114138,,490338.99999989,6241482.99987336
2024,2000,999,HILLERØD SPILDEVAND A/S,1080,999,Hillerød,,,4ccd4e13-3668-427c-8f79-6cac1f359865,4ccd4e13-3668-427c-8f79-6cac1f359865,Gadevang,Renseanlæg,,MBNKF,,371,,6186,,733,,46,,171407,,704469.000000001,6207472.673
2024,75,999,SK SPILDEVAND A/S,75,999,Slagelse,,,4ce37aad-ca92-4c37-be38-6c9003a1fb8d,4ce37aad-ca92-4c37-be38-6c9003a1fb8d,VEDSKØLLE,Renseanlæg,,MBN,,3,,51,,35,,12,,1188,,650269.000001668,6122793.99987167
2024,148000,999,RINGSTED SPILDEVAND A/S,148000,999,Ringsted,,,4df2aeb8-e1bc-4287-90e4-4494ea1ad4c8,4df2aeb8-e1bc-4287-90e4-4494ea1ad4c8,RINGSTED C,Renseanlæg,,MBNDKF,,9421,,129904,,16783,,892,,5743747,,676947.000001874,6145042.99986847
2024,600,999,KALUNDBORG RENSEANLÆG A/S,600,999,Kalundborg,,,4e742f82-657f-4337-82da-c1a40bb4794e,4e742f82-657f-4337-82da-c1a40bb4794e,ESKEBJERG,Renseanlæg,,MBNK,,70,,1415,,323,,18,,46340,,644913.882476173,6177462.55555314
2024,75,999,,75,999,Stevns,,,4e8ce39a-fe8c-4089-8e71-58553d8fc41a,4e8ce39a-fe8c-4089-8e71-58553d8fc41a,Magnoliegården,Renseanlæg,,MBN,,248,,844,,231,,38,,2955,,702859.000001722,6140686.99986218
2024,62500,999,BORNHOLMS SPILDEVAND A/S,70000,999,Bornholm,,,50221b81-135c-4741-b1b8-22739038675d,50221b81-135c-4741-b1b8-22739038675d,Rønne Renseanlæg,Renseanlæg,,MBNDK,,8230,,80575,,9694,,834,,3152372,,862087.999826798,6120888.99950919
2024,1770,999,LANGELAND SPILDEVAND ApS,1770,999,Langeland,,,50e7d9a9-e862-4ec9-8e47-2e6024013ba8,50e7d9a9-e862-4ec9-8e47-2e6024013ba8,Lohals Renseanlæg,Renseanlæg,,MBNDK,,188,,2704,,605,,40,,124118,,620920.000001344,6110609.99987302
2024,48000,999,FAVRSKOV SPILDEVAND A/S,15047,999,Favrskov,,,5191b081-dde2-43bc-9b84-0a3dd8c66526,5191b081-dde2-43bc-9b84-0a3dd8c66526,Hammel,Renseanlæg,,MBNDKF,,1603,,21363,,2153,,181,,817067,,552069.000000592,6234794.99987336
2024,75,999,Dyrehøj Vingaard I/S,75,999,Kalundborg,,,51cc1a07-8d8d-4993-b3c1-eff2f3931d43,51cc1a07-8d8d-4993-b3c1-eff2f3931d43,Dyrehøjgård Minirenseanlæg,Renseanlæg,,MBN,,248,,844,,231,,38,,2955,,624684.92193262,6177785.44440736
2024,80,999,,0,999,Frederikssund,,,51ef2abc-6c73-4304-b8a0-9c630d13b4a4,51ef2abc-6c73-4304-b8a0-9c630d13b4a4,Rendebæk N,Renseanlæg,,Mekanisk rens.,,1232,,2520,,299,,46,,3152,,679478.356136066,6186007.14782316
2024,25000,999,DIN Forsyning Spildevand A/S,25000,999,Esbjerg,,,52270343-2f4b-4f2b-b0f2-85befca108f8,52270343-2f4b-4f2b-b0f2-85befca108f8,Ribe,Renseanlæg,,MBNDK,,4309,,67448,,7323,,929,,2613692,,483620.999999818,6131873.99987346
2024,30,999,,0,999,Bornholm,,,52b231db-df0b-4915-b1a8-3184db996d6f,52b231db-df0b-4915-b1a8-3184db996d6f,Rømeregård,Renseanlæg,,BS  Biologisk sandfilter,,132,,405,,92,,15,,1182,,873612.999763228,6125984.99942947
2024,4500,999,MIDDELFART SPILDEVAND A/S,4500,999,Middelfart,,,531bc669-544a-46b4-9819-dd2a068619b9,531bc669-544a-46b4-9819-dd2a068619b9,Brenderup Renseanlæg,Renseanlæg,,MBNKL,,1376,,15380,,2411,,392,,843495,,562174.548901855,6149040.77728763
2024,90,999,,40,999,Faaborg-Midtfyn,,,5415de67-fe2d-429c-a5a4-7937ecdd931a,5415de67-fe2d-429c-a5a4-7937ecdd931a,Toftegård Renseanlæg,Renseanlæg,,BS  Biologisk sandfilter,,176,,540,,123,,20,,1576,,589000.00000099,6124699.9998734
2024,120,999,Vejdirektoratet,120,999,Rebild,,,54b9e17a-4bb1-41cc-8cbc-fb47c4675fb2,54b9e17a-4bb1-41cc-8cbc-fb47c4675fb2,Hvingelhat (Himmerland Øst),Renseanlæg,,Rodzoneanlæg,,370,,1134,,259,,42,,3310,,545042.840002961,6299785.31987455
2024,1500,999,KALUNDBORG RENSEANLÆG A/S,1500,999,Kalundborg,,,550762ce-b7f1-4f70-8cb2-7ac8b1c58e9e,550762ce-b7f1-4f70-8cb2-7ac8b1c58e9e,ULSTRUP,Renseanlæg,,MBK,,219,,2614,,782,,27,,120775,,623443.000001392,6177723.99987283
2024,4631,999,Vandmiljø Randers A/S,4631,999,Randers,,,551ff1d2-2fd1-4e96-b807-d1a5055899e4,551ff1d2-2fd1-4e96-b807-d1a5055899e4,Råby Kær,Renseanlæg,,MBNK,,1740,,12716,,2858,,220,,400476,,578592.000000902,6272203.9998733
2024,6600,999,HERNING RENS A/S,7000,999,Herning,,,5531c5d0-cac4-4e09-870a-ef33465fadda,5531c5d0-cac4-4e09-870a-ef33465fadda,Trehøje Øst (Vildbjerg Renseanlæg),Renseanlæg,,MBNDK,,6762,,64466,,8056,,323,,1361703,,485342.999999833,6226264.99987337
2024,5000,999,Thy Renseanlæg A/S,5000,999,Thisted,,,557a85aa-248e-4f4e-b66f-30ef4fc17ac9,557a85aa-248e-4f4e-b66f-30ef4fc17ac9,Øsløs,Renseanlæg,,MBNDK,,1738,,10902,,1304,,52,,328513,,500729.000000008,6319031.99987333
2024,27500,999,BlueKolding Spildevand A/S,27500,999,Kolding,,,55a22a3a-0b54-4a5d-a2fb-125f7560cda6,55a22a3a-0b54-4a5d-a2fb-125f7560cda6,VAMDRUP RENSEANLÆG,Renseanlæg,,MBNDK,,6841,,58178,,7834,,447,,2406250,,517485.236592536,6142046.37057695
2024,32,999,,32,999,Bornholm,,,56066c4b-ca5b-4c3b-a6e7-f0b07bdaf468,56066c4b-ca5b-4c3b-a6e7-f0b07bdaf468,Pyttegården,Renseanlæg,,Urenset,,220,,450,,44,,7,,394,,882551.999999999,6131119
2024,25000,999,SILKEBORG SPILDEVAND A/S,18000,999,Silkeborg,,,564e2b8d-a48a-49c3-bb98-d092abe75f49,564e2b8d-a48a-49c3-bb98-d092abe75f49,Kjellerup,Renseanlæg,,MBNDK,,4202,,37323,,2822,,503,,1594951,,527504.057521846,6238641.99979648
2024,125000,999,BlueKolding Spildevand A/S,125000,999,Kolding,,,56bc1269-1886-4814-99c8-a6217793bcf5,56bc1269-1886-4814-99c8-a6217793bcf5,KOLDING CENTRALRENS.,Renseanlæg,,MBNDK,,26828,,240664,,48430,,6577,,11580360.0,,541560.000000464,6149059.99987344
2024,30,999,Forsvaret og Forsvarsministeriets styrelser,0,999,Aalborg,,,577c9b5b-2f26-402c-919d-0c2e29f453f2,577c9b5b-2f26-402c-919d-0c2e29f453f2,Flyvestation Aalborg 3,Renseanlæg,,Mekanisk rens.,,462,,945,,112,,17,,1182,,552385.000000607,6326304.99987333
2024,50,999,Hotel E4 I/S v/S  & C Johannessen,50,999,Lolland,,,59569fb3-dc41-48b0-8e06-7396f98dc19e,59569fb3-dc41-48b0-8e06-7396f98dc19e,EURO HOTEL E4 SÆDINGE,Renseanlæg,,MB,,220,,675,,154,,25,,1970,,656677.397067082,6066513.75942333
2024,14523,999,AquaDjurs A/S,14523,999,Syddjurs,,,59c143ef-3f0d-4157-86ba-e113fb68bffd,59c143ef-3f0d-4157-86ba-e113fb68bffd,Mørke,Renseanlæg,,MBNDK,,4047,,33640,,2642,,498,,1402024,,585688.000000978,6245557.99987329
2024,4500,999,VORDINGBORG SPILDEVAND A/S,4500,999,Vordingborg,,,59c37680-2669-48dc-8204-61544cb91642,59c37680-2669-48dc-8204-61544cb91642,PETERSVÆRFT,Renseanlæg,,MBNK,,1089,,10245,,2007,,96,,334799,,696820.000001844,6095442.99986463
2024,3500,999,FFV SPILDEVAND A/S,3500,999,Faaborg-Midtfyn,,,59c4e892-28c3-4fab-8bd6-31ea15d15a42,59c4e892-28c3-4fab-8bd6-31ea15d15a42,Ryslinge Renseanlæg,Renseanlæg,,MBNDKL,,564,,6900,,1639,,40,,598193,,596503.07198991,6122390.10917497
2024,1500,999,ARWOS SPILDEVAND A/S,1500,999,Aabenraa,,,5b2da3fd-ca9e-4dbb-ab12-4f032684d5ab,5b2da3fd-ca9e-4dbb-ab12-4f032684d5ab,Genner Renseanlæg,Renseanlæg,,MBN,,2082,,13794,,853,,303,,101254,,528385.000000314,6107889.9998735
2024,27750,999,TØNDER SPILDEVAND A/S,27750,999,Tønder,,,5b4e8c5e-8881-496f-96cb-91b8a6f80da5,5b4e8c5e-8881-496f-96cb-91b8a6f80da5,TØNDER,Renseanlæg,,MBNDK,,4178,,70834,,3375,,280,,1821625,,490671.999999897,6085994.99987353
2024,7800,999,ASSENS RENSNING A/S,7800,999,Assens,,,5b6218f0-89af-4171-8b0d-3315bc34d23b,5b6218f0-89af-4171-8b0d-3315bc34d23b,Hårby Renseanlæg,Renseanlæg,,MBNDK,,1552,,9711,,1262,,208,,567662,,570892.000000787,6119231.99987347
2024,300,999,SORØ SPILDEVAND A/S,270,999,Sorø,,,5bdab355-c824-476d-94fc-79df5878c2b4,5bdab355-c824-476d-94fc-79df5878c2b4,SKELLEBJERG,Renseanlæg,,MBNK,,230,,1473,,622,,51,,42327,,654726.000001722,6157034.99987119
2024,65,999,,65,999,Samsø,,,5c58b950-1f75-4ed5-a2d8-2afe54480ac2,5c58b950-1f75-4ed5-a2d8-2afe54480ac2,"Stenvang, Lejrskole",Renseanlæg,,BS  Biologisk sandfilter,,286,,878,,200,,33,,2561,,596260.000001087,6191267.99987327
2024,319,999,LOLLAND SPILDEVAND A/S,319,999,Lolland,,,5d3a97e3-27fd-4f89-a2bf-a74a09a35a91,5d3a97e3-27fd-4f89-a2bf-a74a09a35a91,VESTERBO SKOVBØLLE,Renseanlæg,,MBS,,14,,118,,135,,15,,5226,,634848.000001492,6086353.99987264
2024,115000,999,SK SPILDEVAND A/S,115000,999,Slagelse,,,5d55a3ea-a761-4175-937b-6d3eca8f4691,5d55a3ea-a761-4175-937b-6d3eca8f4691,SLAGELSE,Renseanlæg,,MBNDKL,,6612,,98815,,12732,,2231,,4452905,,648219.000001653,6143823.99987174
2024,100,999,ODSHERRED SPILDEVAND A/S,100,999,Odsherred,,,5d92e367-2317-4620-a748-84e293e38fd0,5d92e367-2317-4620-a748-84e293e38fd0,Nyrup Renseanlæg,Renseanlæg,,MB,,70,,,,160,,33,,7937,,662525.401946635,6201909.86446198
2024,105000,999,SILKEBORG SPILDEVAND A/S,99480,999,Silkeborg,,,5d938e22-8ccc-4fd3-b15d-12ed26fbd4dc,5d938e22-8ccc-4fd3-b15d-12ed26fbd4dc,Søholt,Renseanlæg,,MBNDKS,,11450,,156255,,25863,,875,,5393272,,536393.000000413,6225567.99987337
2024,60000,999,FORS Spildevand Holbæk A/S,60000,999,Holbæk,,,5dc25b86-9ea0-4087-8f25-ca8408cbaed2,5dc25b86-9ea0-4087-8f25-ca8408cbaed2,HOLBÆK,Renseanlæg,,MBNDK,,39668,,276488,,20861,,4662,,3832809,,671179.000001851,6178363.99986916
2024,83000,999,ARWOS SPILDEVAND A/S,83000,999,Aabenraa,,,5deee420-608c-428a-887b-7dfdd6584d86,5deee420-608c-428a-887b-7dfdd6584d86,Stegholt Renseanlæg,Renseanlæg,,MBNDF,,16014,,127103,,27255,,5631,,5017804,,527759.000000307,6098534.99987351
2024,7500,999,FREDERIKSHAVN SPILDEVAND A/S,4640,999,Frederikshavn,,,5e19e433-be1b-4c2b-8204-fcd02bad9f72,5e19e433-be1b-4c2b-8204-fcd02bad9f72,Ålbæk,Renseanlæg,,MBNDK,,1757,,18786,,780,,204,,518602,,585963.000001009,6383930.99987326
2024,4900,999,LOLLAND SPILDEVAND A/S,4900,999,Lolland,,,5e63b20e-6817-4100-bb0d-d607f1b01ac9,5e63b20e-6817-4100-bb0d-d607f1b01ac9,HORSLUNDE ØST,Renseanlæg,,MBN,,382,,6619,,870,,130,,363748,,642830.000000001,6086740
2024,3200,999,VANDCENTER SYD A/S,1100,999,Nordfyns,,,5e6544ce-0ca2-47cc-8857-ec1e0d44b717,5e6544ce-0ca2-47cc-8857-ec1e0d44b717,Hårslev Renseanlæg,Renseanlæg,,MBNKL,,488,,5017,,643,,99,,257096,,568540.730325174,6151390.14510352
2024,17000,999,FORS Spildevand Holbæk A/S,17000,999,Holbæk,,,5e6bf9d2-96b3-40f5-bc5f-f3440bf1af85,5e6bf9d2-96b3-40f5-bc5f-f3440bf1af85,TYSINGE,Renseanlæg,,MBNK,,2621,,32068,,2527,,278,,1187689,,672916.000001858,6164107.99986899
2024,120,999,SK SPILDEVAND A/S,120,999,Slagelse,,,5f452460-b7e1-4dd0-8e08-b18599de51f2,5f452460-b7e1-4dd0-8e08-b18599de51f2,SØNDER BJERGE,Renseanlæg,,MBN,,5,,113,,86,,22,,2817,,653341.0000017,6127504.99987142
2024,600,999,LOLLAND SPILDEVAND A/S,600,999,Lolland,,,5f8c6847-af24-4953-a441-030b9d6451ec,5f8c6847-af24-4953-a441-030b9d6451ec,HYLDTOFTE ØSTERSØBAD,Renseanlæg,,MK,,2,,42,,45,,0,,214,,655743.000001702,6057132.99987152
2024,50,999,,50,999,Middelfart,,,5f9213d9-6a8e-40f6-9b70-c498c264c8f3,5f9213d9-6a8e-40f6-9b70-c498c264c8f3,Fænø Gods Renseanlæg,Renseanlæg,,MBN,,132,,450,,123,,20,,1576,,544102.000000493,6149504.99987344
2024,1500,999,GULDBORGSUND SPILDEVAND A/S,1500,999,Guldborgsund,,,6057fa42-f8dc-4a33-ad82-2c8fc70bac99,6057fa42-f8dc-4a33-ad82-2c8fc70bac99,KRUMSØ,Renseanlæg,,MBN,,207,,2399,,711,,65,,114688,,667758.00000181,6064013.99987031
2024,45,999,LOLLAND SPILDEVAND A/S,45,999,Lolland,,,606f05c8-874a-4086-a398-db3d5ecb9623,606f05c8-874a-4086-a398-db3d5ecb9623,ÅLESTRUP LDV. 24 SYD,Renseanlæg,,Mekanisk rens.,,462,,945,,112,,17,,1182,,647844.000001626,6071378.99987203
2024,200,999,LOLLAND SPILDEVAND A/S,200,999,Lolland,,,6091f80e-a2ec-4513-99cc-52dd4ef9a13a,6091f80e-a2ec-4513-99cc-52dd4ef9a13a,FEJØ ØSTERBY,Renseanlæg,,Mekanisk rens.,,62,,647,,173,,19,,4274,,655987.000001714,6091456.99987135
2024,50,999,,100,999,Vordingborg,,,60bbbd3e-6dd6-4c00-a9a0-71502c53857f,60bbbd3e-6dd6-4c00-a9a0-71502c53857f,Bøgede Strandvej,Renseanlæg,,Mekanisk rens.,,508,,1040,,123,,19,,1300,,701708.000001776,6108342.99986303
2024,40000,999,LOLLAND SPILDEVAND A/S,40000,999,Lolland,,,60cf9dcd-f751-4d64-8648-7eaea1dea006,60cf9dcd-f751-4d64-8648-7eaea1dea006,HUNSEBY STRAND,Renseanlæg,,MBNDK,,5733,,77389,,8508,,1412,,3407939,,663400.000000001,6079300
2024,30000,999,TØNDER SPILDEVAND A/S,30000,999,Tønder,,,61779588-9560-4600-88f5-04252b728c54,61779588-9560-4600-88f5-04252b728c54,Branderup Renseanlæg,Renseanlæg,,MBNDK,,2863,,16305,,1763,,756,,698849,,504541.393256133,6107645.22622259
2024,9000,999,Thy Renseanlæg A/S,9000,999,Thisted,,,620cd2d5-d289-45e0-8d30-275770bda4d1,620cd2d5-d289-45e0-8d30-275770bda4d1,Vilsund,Renseanlæg,,MBNDK,,2636,,22709,,3889,,184,,1074220,,477548.999999741,6302011.99987333
2024,45,999,LOLLAND SPILDEVAND A/S,45,999,Lolland,,,623777d3-cd6e-47b0-8c4f-eecd6164de1d,623777d3-cd6e-47b0-8c4f-eecd6164de1d,KØBELEV,Renseanlæg,,MBS,,198,,608,,139,,23,,1773,,636838.000001513,6085993.99987256
2024,30,999,,30,999,Holstebro,,,628b7a8c-7027-4af9-8e01-42eff5e9ae42,628b7a8c-7027-4af9-8e01-42eff5e9ae42,VINDERUP CAMPING,Renseanlæg,,Mekanisk rens.,,462,,945,,112,,17,,1182,,487870.999999861,6259223.99987335
2024,6700,999,FORS Spildevand Lejre A/S,6700,999,Lejre,,,638433d1-79b9-46f4-8394-04d6e39e63c6,638433d1-79b9-46f4-8394-04d6e39e63c6,Ejby Renseanlæg,Renseanlæg,,MBNDKL,,1586,,16958,,2146,,394,,679992,,678409.000001877,6176840.99986797
2024,50,999,,50,999,Holbæk,,,63ec2e8b-38b1-4cbc-b3f4-dfcec0f7d80b,63ec2e8b-38b1-4cbc-b3f4-dfcec0f7d80b,BENNEBO,Renseanlæg,,Mekanisk rens.,,770,,1575,,187,,29,,1970,,654764.981988725,6168195.8442663
2024,5400,999,FAVRSKOV SPILDEVAND A/S,5400,999,Favrskov,,,64229f2f-881c-49ae-9ca2-c0afd9accd64,64229f2f-881c-49ae-9ca2-c0afd9accd64,Ulstrup,Renseanlæg,,MBNDK,,937,,9083,,1352,,76,,453106,,550197.000000573,6250248.99987335
2024,30,999,,30,999,Ringkøbing-Skjern,,,6426958f-eb10-4f0d-9e2f-040b1409edd1,6426958f-eb10-4f0d-9e2f-040b1409edd1,ØRBÆK,Renseanlæg,,Mekanisk rens.,,462,,945,,112,,17,,1182,,487109.999999855,6190139.9998734
2024,40,999,,40,999,Køge,,,644434d1-e6af-4d7e-a5e9-47bbb16ffc00,644434d1-e6af-4d7e-a5e9-47bbb16ffc00,Slimminge Skolehjem,Renseanlæg,,MBN,,132,,450,,123,,20,,1576,,687465.000001877,6147564.99986637
2024,6500,999,Novafos Spildevand Frederikssund A/S,6500,999,Frederikssund,,,647e9afa-8b31-4c8b-8258-5edf3ad6b4e4,647e9afa-8b31-4c8b-8258-5edf3ad6b4e4,Hyllingeriis,Renseanlæg,,MBNDK,,760,,11256,,1227,,88,,417333,,691446,6185650
2024,57000,999,SONFOR Spildevand A/S,57000,999,Sønderborg,,,64b4366b-5a0c-4587-88b3-9b34fdfd9125,64b4366b-5a0c-4587-88b3-9b34fdfd9125,SØNDERBORG CENTRALRENSEANLÆG,Renseanlæg,,MBNDK,,23748,,144548,,34362,,1486,,5145968,,549200.000000542,6086636.99987353
2024,4500,999,HERNING RENS A/S,4500,999,Herning,,,6579ae38-0fdf-4dbc-a9be-7c0056179239,6579ae38-0fdf-4dbc-a9be-7c0056179239,Kibæk Renseanlæg,Renseanlæg,,MBNK,,1286,,13034,,2074,,321,,626683,,490107.999999888,6209719.99987338
2024,12400,999,VEJEN FORSYNING A/S,12400,999,Vejen,,,65885abc-91f3-4b09-a6f5-e90353f97cfc,65885abc-91f3-4b09-a6f5-e90353f97cfc,RØDDING,Renseanlæg,,MBNDK,,3488,,27342,,2954,,891,,1226364,,502702.00000003,6135928.99987346
2024,400,999,HJØRRING VANDSELSKAB A/S,131,999,Hjørring,,,6635350e-c5ea-41a3-8bd8-6546039ee2b9,6635350e-c5ea-41a3-8bd8-6546039ee2b9,Sønderskov,Renseanlæg,,BS  Biologisk sandfilter,,57,,404,,309,,48,,7943,,567977.000000795,6368103.99987331
2024,40,999,,40,999,Hjørring,,,669d7eb2-ec09-4268-a8f4-20fbb155c4c8,669d7eb2-ec09-4268-a8f4-20fbb155c4c8,Liver Mølle kro,Renseanlæg,,Mekanisk rens.,,616,,1260,,150,,23,,1576,,554816.274984769,6371150.21398835
2024,250,999,SK SPILDEVAND A/S,250,999,Slagelse,,,66c5d2f0-581b-42da-a487-f512a2dbce12,66c5d2f0-581b-42da-a487-f512a2dbce12,SØNDERUP,Renseanlæg,,Mekanisk rens.,,233,,1180,,574,,53,,47912,,649768.000001671,6148634.99987162
2024,1200,999,ODSHERRED SPILDEVAND A/S,1200,999,Odsherred,,,67ad723d-8ed7-4172-a6ae-03a2cc101e9d,67ad723d-8ed7-4172-a6ae-03a2cc101e9d,ABILDØRE,Renseanlæg,,MBNDK,,427,,3102,,551,,45,,106519,,666752.000001827,6189674.99986972
2024,175,999,,175,999,Odder,,,68751010-8943-46af-8892-81a4b59bc8a0,68751010-8943-46af-8892-81a4b59bc8a0,"Amstrup Ege, Sommerhuse",Renseanlæg,,Bassinanlæg,,2695,,5513,,655,,101,,6895,,570625.000000797,6193306.99987338
2024,500,999,ODSHERRED SPILDEVAND A/S,500,999,Odsherred,,,69096ee9-4347-45be-8857-d18057fe478a,69096ee9-4347-45be-8857-d18057fe478a,Lumsås Renseanlæg,Renseanlæg,,MB,,367,,2830,,726,,111,,75816,,657510.388894494,6203794.44005109
2024,150,999,,70,999,Sønderborg,,,69116425-a117-44b1-b894-25998fdadfa8,69116425-a117-44b1-b894-25998fdadfa8,BALLEBRO FÆRGEKRO,Renseanlæg,,MB,,308,,945,,216,,35,,2758,,542750.000000472,6094952.99987352
2024,1400,999,VORDINGBORG SPILDEVAND A/S,1400,999,Vordingborg,,,69ecb0bb-057b-4d2e-9a66-7319ac10b07c,69ecb0bb-057b-4d2e-9a66-7319ac10b07c,DAMME ASKEBY,Renseanlæg,,MBN,,160,,2095,,157,,34,,66958,,701737.000001792,6090328.99986328
2024,6000,999,Novafos Spildevand Allerød A/S,4350,999,Hørsholm,,,6a00f296-7e8a-4310-b75c-6a14cb374d6a,6a00f296-7e8a-4310-b75c-6a14cb374d6a,Sjælsmark Renseanlæg,Renseanlæg,,MBNDKF,,911,,10193,,1148,,341,,395794,,717194.000001093,6197517.99985515
2024,225,999,,225,999,Sønderborg,,,6a23da9e-e096-40e2-a033-0df2f3c669f2,6a23da9e-e096-40e2-a033-0df2f3c669f2,KETTINGSKOV SOMMERHUSOMRÅDE,Renseanlæg,,Mekanisk rens.,,3465,,7088,,842,,130,,8865,,565019.544258981,6090974.14559104
2024,450,999,LOLLAND SPILDEVAND A/S,450,999,Lolland,,,6ae278cd-2055-4633-acc5-8d7d729dfcd9,6ae278cd-2055-4633-acc5-8d7d729dfcd9,FEMØ,Renseanlæg,,Mekanisk rens.,,226,,1114,,178,,32,,7757,,661292.778849716,6094079.51907106
2024,5600,999,FORS Spildevand Holbæk A/S,4500,999,Holbæk,,,6aeabefc-915f-48bd-ae24-3473e801fcf0,6aeabefc-915f-48bd-ae24-3473e801fcf0,REGSTRUP,Renseanlæg,,MBNDK,,1496,,12102,,874,,241,,419908,,663869.000001804,6172613.99987018
2024,4500,999,TØNDER SPILDEVAND A/S,4500,999,Tønder,,,6b0dd0d3-540d-49b3-931c-3c83b37e27b3,6b0dd0d3-540d-49b3-931c-3c83b37e27b3,HAVNEBY,Renseanlæg,,MBNK,,477,,6483,,1250,,88,,222334,,471890.999999689,6102908.99987351
2024,133000,999,HJØRRING VANDSELSKAB A/S,117000,999,Hjørring,,,6ba64d23-d2c7-4e1d-9068-8b38b388dfe0,6ba64d23-d2c7-4e1d-9068-8b38b388dfe0,Hirtshals,Renseanlæg,,MBNDK,,6606,,88586,,4864,,363,,3061813,,556323.000000661,6383961.99987333
2024,4500,999,BORNHOLMS SPILDEVAND A/S,4500,999,Bornholm,,,6c2a0209-2b8c-46b4-ba31-0dc1fe232c37,6c2a0209-2b8c-46b4-ba31-0dc1fe232c37,Svaneke Renseanlæg,Renseanlæg,,MBK,,906,,10468,,1947,,127,,552567,,891790.999628843,6124957.99928012
2024,5500,999,FORS Spildevand Lejre A/S,5500,999,Lejre,,,6c47c5a7-5ca1-42c1-94fe-710424585488,6c47c5a7-5ca1-42c1-94fe-710424585488,Osted Renseanlæg,Renseanlæg,,MBNDKL,,940,,9766,,893,,114,,407876,,686216.000001876,6163203.9998665
2024,131,999,BRØNDERSLEV SPILDEVAND A/S,125,999,Brønderslev,,,6c9a3067-5d9a-4960-9657-724caad5d3aa,6c9a3067-5d9a-4960-9657-724caad5d3aa,Thorup,Renseanlæg,,MB,,13,,136,,311,,33,,4809,,573778.000000858,6338801.9998733
2024,6700,999,TØNDER SPILDEVAND A/S,6700,999,Tønder,,,6d00e2ec-3103-48f6-a236-1287359676f2,6d00e2ec-3103-48f6-a236-1287359676f2,LØGUMKLOSTER,Renseanlæg,,MBNDK,,4143,,26422,,3356,,497,,1273209,,496240.999999958,6100894.99987351
2024,160,999,,160,999,Bornholm,,,6d640077-bc5a-430e-a3e1-50e96d88d803,6d640077-bc5a-430e-a3e1-50e96d88d803,Brændesgårdshaven,Renseanlæg,,BS  Biologisk sandfilter,,264,,810,,185,,30,,2364,,888991.000000001,6126361
2024,200,999,LOLLAND SPILDEVAND A/S,200,999,Lolland,,,6d8d86aa-fe7f-4331-9a8d-c83bd27d2b79,6d8d86aa-fe7f-4331-9a8d-c83bd27d2b79,FEJØ VESTERBY,Renseanlæg,,Mekanisk rens.,,176,,761,,207,,23,,7238,,652046.000001676,6090395.99987167
2024,70,999,,70,999,Slagelse,,,6e7c86ff-1473-4bed-9097-6a71cb6c08ca,6e7c86ff-1473-4bed-9097-6a71cb6c08ca,STRANDGÅRD,Renseanlæg,,Mekanisk rens.,,1078,,2205,,262,,40,,2758,,638680.000001545,6122779.99987237
2024,199,999,FONDEN TIL VITSKØL KLOSTERS BEVARELSE,199,999,Vesthimmerlands,,,6eba9c24-49b0-4623-bc8c-8427d6dc5d82,6eba9c24-49b0-4623-bc8c-8427d6dc5d82,Vitskøl Kloster,Renseanlæg,,MBND,,220,,900,,44,,50,,3940,,512856.000000148,6302935.99987333
2024,800,999,SK SPILDEVAND A/S,800,999,Slagelse,,,6ecb862f-f9ad-43f3-8b3b-0c0b7fe4c6a0,6ecb862f-f9ad-43f3-8b3b-0c0b7fe4c6a0,AGERSØ,Renseanlæg,,MBND,,245,,3023,,243,,60,,30874,,639979.000001559,6120713.99987231
2024,900,999,RINGKØBING-SKJERN FORSYNING A/S,720,999,Ringkøbing-Skjern,,,6ecf7f11-ad76-4d7a-8593-4958792f9dfa,6ecf7f11-ad76-4d7a-8593-4958792f9dfa,Hover,Renseanlæg,,MBNK,,402,,3069,,730,,56,,93712,,464802.999999601,6221797.99987337
2024,1500,999,SK SPILDEVAND A/S,1500,999,Slagelse,,,6f4d7639-1d37-41ea-88ae-92a75446f8dd,6f4d7639-1d37-41ea-88ae-92a75446f8dd,BISSERUP,Renseanlæg,,MBNK,,232,,2403,,298,,36,,74618,,658357.000001745,6120205.99987101
2024,800,999,VESTFORSYNING SPILDEVAND A/S,445,999,Holstebro,,,6f572180-0e0f-44e5-854c-c6a02b1f4402,6f572180-0e0f-44e5-854c-c6a02b1f4402,Bur,Renseanlæg,,MBN,,181,,1203,,172,,17,,65484,,464616.999999596,6246245.99987335
2024,25000,999,FORSYNING HELSINGØR SPILDEVAND A/S,25000,999,Helsingør,,,6f9b251a-96a9-43ab-b488-b37d10618947,6f9b251a-96a9-43ab-b488-b37d10618947,Nordkysten,Renseanlæg,,MBNDK,,6498,,69916,,7597,,1108,,2372501,,715442.019157479,6222330.15573226
2024,35,999,,35,999,Haderslev,,,6fe6a5fe-2bd5-40e1-80bc-946fbacf33d0,6fe6a5fe-2bd5-40e1-80bc-946fbacf33d0,FERIEBOLIGER,Renseanlæg,,MB,,39,,119,,27,,4,,347,,517660.000000197,6136673.99987346
2024,30,999,Forsvaret og Forsvarsministeriets styrelser,30,999,Aalborg,,,6fe787e0-ed3c-43af-b1ac-c3c30a4089bd,6fe787e0-ed3c-43af-b1ac-c3c30a4089bd,Flyvestation Aalborg 1,Renseanlæg,,Mekanisk rens.,,8054,,16475,,1956,,301,,20606,,552467.800000608,6326403.79987333
2024,1400,999,SILKEBORG SPILDEVAND A/S,1400,999,Silkeborg,,,6ff8a690-7876-469e-869d-bef39edf5c63,6ff8a690-7876-469e-869d-bef39edf5c63,Laven,Renseanlæg,,MBNDKL,,265,,1690,,234,,22,,79280,,544992.00000051,6220234.99987337
2024,8700,999,MORSØ SPILDEVAND A/S,8700,999,Morsø,,,700dd295-2dd0-45e1-81b4-a7f9ecf7afa6,700dd295-2dd0-45e1-81b4-a7f9ecf7afa6,Karby,Renseanlæg,,MBNDK,,2270,,16091,,2687,,310,,498674,,472358.999999682,6290681.99987333
2024,50,999,"Frivilligt Drenge- og Pige-Forbund, FDF",50,999,Middelfart,,,7043dff3-e579-48f9-9954-9f8a10243b91,7043dff3-e579-48f9-9954-9f8a10243b91,Middelgrundvej 14 Renseanlæg,Renseanlæg,,Mekanisk rens.,,770,,1575,,187,,29,,1970,,551620.000000578,6156669.99987343
2024,90,999,SAMSØ SPILDEVAND A/S,75,999,Samsø,,,706f31f9-3a06-4ee6-b606-ddc3d377de39,706f31f9-3a06-4ee6-b606-ddc3d377de39,Toftebjerg,Renseanlæg,,BS  Biologisk sandfilter,,14,,168,,18,,8,,3324,,600413.000001134,6193890.99987323
2024,50,999,VEJEN FORSYNING A/S,50,999,Vejen,,,7138ac04-9894-4452-81ef-afd83f983b0d,7138ac04-9894-4452-81ef-afd83f983b0d,MOJBØL,Renseanlæg,,Bassinanlæg,,770,,1575,,187,,29,,1970,,511031.000000001,6127881
2024,36125,999,BRØNDERSLEV SPILDEVAND A/S,33208,999,Brønderslev,,,71752c7f-956a-4dd8-a105-b78c743c2883,71752c7f-956a-4dd8-a105-b78c743c2883,Brønderslev,Renseanlæg,,MBNDK,,9057,,74230,,9061,,887,,3111499,,555005.000000641,6348184.99987333
2024,40,999,,40,999,Vordingborg,,,71e95b91-9905-48cf-8081-4432e16f1e8f,71e95b91-9905-48cf-8081-4432e16f1e8f,FANEFJORD SKOVPAVILLON,Renseanlæg,,Mekanisk rens.,,770,,1575,,187,,29,,1970,,705678.000001729,6088423.99986204
2024,42500,999,RINGKØBING-SKJERN FORSYNING A/S,42500,999,Ringkøbing-Skjern,,,72c7b161-f6d6-4f5a-b365-14078e5087da,72c7b161-f6d6-4f5a-b365-14078e5087da,Ringkøbing,Renseanlæg,,MBNDK,,5936,,68450,,14002,,1118,,2633871,,452345.99999946,6216348.99987337
2024,120000,999,HJØRRING VANDSELSKAB A/S,88888,999,Hjørring,,,72dafa61-0e8b-445f-966c-95201f651bcd,72dafa61-0e8b-445f-966c-95201f651bcd,Hjørring,Renseanlæg,,MBNDKL,,19984,,139174,,23932,,995,,5628704,,558368.000000682,6364641.99987333
2024,2500,999,Novafos Spildevand Frederikssund A/S,2500,999,Frederikssund,,,73c13472-f0ad-40bb-bb69-be960a71c511,73c13472-f0ad-40bb-bb69-be960a71c511,Vejleby,Renseanlæg,,MBNDKL,,245,,5147,,785,,68,,254144,,679275.704045201,6183479.17458519
2024,400,999,BORNHOLMS SPILDEVAND A/S,450,999,Bornholm,,,741ff7c2-a018-4112-a5e0-dfb1588fa833,741ff7c2-a018-4112-a5e0-dfb1588fa833,Vestermarie Renseanlæg,Renseanlæg,,MB,,131,,1499,,248,,66,,80346,,870775.999999999,6122909
2024,48000,999,Novafos Spildevand Frederikssund A/S,48000,999,Frederikssund,,,7437b2ca-6aab-4950-a395-4a858a7bb461,7437b2ca-6aab-4950-a395-4a858a7bb461,Frederikssund,Renseanlæg,,MBNDK,,6228,,74061,,9130,,812,,2635957,,692078.000001828,6191512.99986475
2024,15828,999,LOLLAND SPILDEVAND A/S,15828,999,Lolland,,,74c1038d-9777-4799-8d7c-2b98c1c79424,74c1038d-9777-4799-8d7c-2b98c1c79424,RØDBY HAVN,Renseanlæg,,MBNDK,,2838,,40383,,5557,,459,,1535864,,652010,6058450
2024,70,999,,70,999,Bornholm,,,74d2953e-ae9e-480c-beb9-3cce851bac9e,74d2953e-ae9e-480c-beb9-3cce851bac9e,Hotel Rosengården,Renseanlæg,,Mekanisk rens.,,231,,472,,56,,9,,591,,877495.999999999,6114661
2024,7000,999,HJØRRING VANDSELSKAB A/S,804,999,Hjørring,,,74e83ae0-28e4-459b-84ff-4230cd9439bf,74e83ae0-28e4-459b-84ff-4230cd9439bf,Vogn,Renseanlæg,,MBK,,94,,886,,141,,25,,43921,,580218.00000094,6374841.99987328
2024,220000,999,AARHUS VAND A/S,220000,999,Aarhus,,,7531c778-8e3a-4f67-92d2-b6ebe8f454b6,7531c778-8e3a-4f67-92d2-b6ebe8f454b6,Marselisborg,Renseanlæg,,MBNDKF,,23586,,223077,,88596,,2749,,12029385.0,,577327.21291783,6222369.87438851
2024,200,999,REBILD VAND & SPILDEVAND A/S,124,999,Rebild,,,756b2b7c-953f-4e8e-9425-111d197d25ef,756b2b7c-953f-4e8e-9425-111d197d25ef,Borremose u. skole,Renseanlæg,,Rodzoneanlæg,,132,,405,,92,,15,,1182,,534830,6291658
2024,130000,999,Thy Renseanlæg A/S,130000,999,Thisted,,,75ae5ee8-9aef-4c8f-9739-9d09946bdf54,75ae5ee8-9aef-4c8f-9739-9d09946bdf54,Hanstholm Renseanlæg,Renseanlæg,,MBNDK,,2371,,22311,,2916,,208,,687728,,476076.024070813,6331489.24788221
2024,7000,999,VANDCENTER SYD A/S,9500,999,Nordfyns,,,75c5fd33-70c5-47e2-9f64-34063b5caba4,75c5fd33-70c5-47e2-9f64-34063b5caba4,Bogense Renseanlæg,Renseanlæg,,MBNDK,,3274,,28704,,3485,,347,,1167276,,569330.000000776,6159799.99987341
2024,300,999,,300,999,Slagelse,,,75eaf4ca-4c09-4917-9826-5539949925c9,75eaf4ca-4c09-4917-9826-5539949925c9,DALHOLM CAMP.,Renseanlæg,,Mekanisk rens.,,1540,,3150,,374,,58,,3940,,643809.000001602,6129183.99987208
2024,12000,999,STEVNS SPILDEVAND A/S,12000,999,Stevns,,,767527f4-d217-4c60-bd59-d61de2837fc0,767527f4-d217-4c60-bd59-d61de2837fc0,U8 ST.HEDDINGE,Renseanlæg,,MBNDK,,2534,,25753,,1729,,184,,707985,,713568.000001432,6135973.99985818
2024,60000,999,NFS SPILDEVAND A/S,70000,999,Nyborg,,,76d16d91-c12c-4711-bab8-1781501314e2,76d16d91-c12c-4711-bab8-1781501314e2,Nyborg Centralrenseanlæg,Renseanlæg,,MBNDK,,29068,,202011,,30460,,2940,,4580659,,618260.000001319,6128769.99987305
2024,1650,999,VORDINGBORG SPILDEVAND A/S,1650,999,Vordingborg,,,7706bde9-7060-4c62-9dbb-23773735d834,7706bde9-7060-4c62-9dbb-23773735d834,BOGØ,Renseanlæg,,MBN,,203,,2572,,326,,77,,92455,,695327.00000186,6089198.9998651
2024,3200,999,ASSENS RENSNING A/S,3200,999,Assens,,,77364fcb-73be-4129-9d15-5d0f636698b1,77364fcb-73be-4129-9d15-5d0f636698b1,Tommerup St. Renseanlæg,Renseanlæg,,MBNDKL,,538,,5435,,815,,77,,326515,,574618.000000831,6134530.99987344
2024,900,999,PROVAS-HADERSLEV SPILDEVAND A/S,614,999,Haderslev,,,774139bb-4bec-4af5-bc33-56609a8695c0,774139bb-4bec-4af5-bc33-56609a8695c0,JEGERUP,Renseanlæg,,MBNS,,167,,1661,,668,,149,,85059,,518257.240045554,6126681.21760842
2024,10000,999,KØGE AFLØB A/S,10000,999,Køge,,,774c429d-bc8d-43e3-88de-a4bb12619e9b,774c429d-bc8d-43e3-88de-a4bb12619e9b,Borup,Renseanlæg,,MBNDK,,1828,,20063,,2112,,188,,1099840,,688073.000001873,6152032.99986619
2024,26200,999,ODSHERRED SPILDEVAND A/S,26200,999,Odsherred,,,7750af81-3dfa-4bba-aea5-da14a397d3f6,7750af81-3dfa-4bba-aea5-da14a397d3f6,Fårevejle renseanlæg,Renseanlæg,,MBNDK,,5530,,50489,,4971,,333,,1506319,,655601.000001737,6183615.999871
2024,60,999,,60,999,Langeland,,,77ddec78-d4d4-4d09-a6b6-45a554bd5b5a,77ddec78-d4d4-4d09-a6b6-45a554bd5b5a,Feriekoloni Østerhusevej 25,Renseanlæg,,Mekanisk rens.,,924,,1890,,224,,35,,2364,,624070.000001379,6110449.99987294
2024,66,999,Den Fuldkomne Fisker & Camping ApS,66,999,Lolland,,,7836de2a-fb1e-4372-97de-89b2761c346b,7836de2a-fb1e-4372-97de-89b2761c346b,ONSEVIG CAMPING,Renseanlæg,,Mekanisk rens.,,400,,819,,97,,15,,1024,,636156.48057919,6090213.86318311
2024,50,999,Den Selvejende Institution Erhvervsskolen Vestjylland,50,999,Ringkøbing-Skjern,,,78b33d91-0bf7-42e7-9bb1-b1fdd302117b,78b33d91-0bf7-42e7-9bb1-b1fdd302117b,ERHVERVSSKOLEN VESTJYLLAND (TIDLIGERE BORRIS LANDBRUGSSKOLE),Renseanlæg,,MBN,,165,,563,,154,,25,,1970,,476914.999999739,6201518.99987338
2024,52500,999,SONFOR Spildevand A/S,52500,999,Sønderborg,,,78e127c0-2ff4-4fd8-b2e5-9c88c04b9208,78e127c0-2ff4-4fd8-b2e5-9c88c04b9208,HUK,Renseanlæg,,MBNDK,,3503,,28376,,3791,,420,,1096085,,537052.000000408,6082117.99987354
2024,0,999,,0,999,Holbæk,,,79937e32-8c7b-4c76-ad85-cdd7ac986f42,79937e32-8c7b-4c76-ad85-cdd7ac986f42,GEDEBJERG CAMPING,Renseanlæg,,Mekanisk rens.,,4620,,9450,,1122,,173,,11820,,673420.45073367,6160955.72351126
2024,1200,999,ODSHERRED SPILDEVAND A/S,1200,999,Odsherred,,,799befe6-2ba2-4d48-bdcd-260da57e084f,799befe6-2ba2-4d48-bdcd-260da57e084f,Odden Havneby Renseanlæg,Renseanlæg,,MB,,1036,,6416,,1638,,209,,137594,,647705,6205744
2024,25000,999,ODDER SPILDEVAND A/S,38000,999,Odder,,,7a230714-9cf5-43e2-a21b-8d99bb3297b6,7a230714-9cf5-43e2-a21b-8d99bb3297b6,"Odder, Odder Å",Renseanlæg,,Sekundær udledning,,1851,,12935,,5045,,106,,494912,,572399.000000819,6205357.99987336
2024,10000,999,SONFOR Spildevand A/S,10000,999,Sønderborg,,,7a55e5a1-d938-435e-b204-00c8a25d099a,7a55e5a1-d938-435e-b204-00c8a25d099a,BROAGER VIG,Renseanlæg,,MBNDK,,2473,,21927,,2977,,184,,936857,,542328.000000466,6081804.99987354
2024,1250,999,RINGSTED SPILDEVAND A/S,1250,999,Ringsted,,,7b188370-c404-47bf-b4a9-d0b6c75b4f9f,7b188370-c404-47bf-b4a9-d0b6c75b4f9f,ØRSLEV,Renseanlæg,,MBNK,,192,,1989,,559,,47,,75487,,684546.000001884,6141326.99986707
2024,2000,999,DIN Forsyning Spildevand A/S,2000,999,Esbjerg,,,7cf09844-1bc8-4d76-9f70-2488aeaf2fa9,7cf09844-1bc8-4d76-9f70-2488aeaf2fa9,Gørding,Renseanlæg,,MBNDK,,1054,,11468,,1694,,187,,555614,,487400.999999859,6148369.99987344
2024,510,999,,470,999,Syddjurs,,,7d3ca1fa-ed57-4ee6-85b4-5e4335810ee4,7d3ca1fa-ed57-4ee6-85b4-5e4335810ee4,Rugård Camping,Renseanlæg,,Mekanisk rens.,,7238,,14805,,1758,,271,,18518,,612849.000001288,6237931.99987299
2024,120,999,,100,999,Gribskov,,,7dea292d-605b-4299-8d37-82ce5a8b7cf9,7dea292d-605b-4299-8d37-82ce5a8b7cf9,Gribskovlejren,Renseanlæg,,MBN,,396,,1350,,370,,60,,4728,,706784.000001507,6213191.99985954
2024,300,999,REBILD VAND & SPILDEVAND A/S,258,999,Rebild,,,7ee23627-553d-4772-a299-321ed6ebaa72,7ee23627-553d-4772-a299-321ed6ebaa72,Hellum,Renseanlæg,,MBL,,130,,1644,,232,,55,,57157,,558287.000000672,6297208.99987333
2024,131,999,HERNING RENS A/S,130,999,Herning,,,7f069fba-bce5-48c7-9e58-7b8564c7e819,7f069fba-bce5-48c7-9e58-7b8564c7e819,Abildå Renseanlæg,Renseanlæg,,MBN,,31,,265,,47,,12,,10981,,476446.999999733,6224832.99987337
2024,70,999,,70,999,Slagelse,,,801be234-212b-41f2-ae9e-0485f8ebac27,801be234-212b-41f2-ae9e-0485f8ebac27,TYSTOFTE,Renseanlæg,,Mekanisk rens.,,1078,,2205,,262,,40,,2758,,647704.000001642,6124973.99987184
2024,4800,999,LANGELAND SPILDEVAND ApS,2600,999,Langeland,,,82a71294-bfe5-43ad-bfb4-bf9879c1acd9,82a71294-bfe5-43ad-bfb4-bf9879c1acd9,Harsbjerg Renseanlæg,Renseanlæg,,MBNDK,,554,,7206,,1761,,87,,337984,,607150.000001178,6068059.99987335
2024,40,999,GULDBORGSUND SPILDEVAND A/S,40,999,Guldborgsund,,,82aeeb00-a154-43d8-b81d-3c8e848ffb5a,82aeeb00-a154-43d8-b81d-3c8e848ffb5a,STANGERUP,Renseanlæg,,Mekanisk rens.,,308,,630,,75,,12,,788,,695238.000001864,6082793.9998652
2024,100,999,,100,999,Ringkøbing-Skjern,,,82d24024-fce4-463c-8f95-616d06e6afbb,82d24024-fce4-463c-8f95-616d06e6afbb,THORAGER CAMPING,Renseanlæg,,Mekanisk rens.,,1540,,3150,,374,,58,,3940,,453626.999999473,6229336.99987336
2024,7500,999,ÆRØ VAND A/S,7500,999,Ærø,,,83656869-48d7-44d7-96ba-af7cc3b24c24,83656869-48d7-44d7-96ba-af7cc3b24c24,Marstal Renseanlæg,Renseanlæg,,MBNDK,,1446,,12223,,1324,,111,,542399,,597360.000001073,6081289.99987342
2024,2700,999,VESTFORSYNING SPILDEVAND A/S,2700,999,Holstebro,,,83a5ac21-aa28-4576-ad58-8d9b798bad0d,83a5ac21-aa28-4576-ad58-8d9b798bad0d,Vemb,Renseanlæg,,MBNK,,1211,,13283,,1137,,213,,639409,,459727.999999541,6243950.99987335
2024,7000,999,GULDBORGSUND SPILDEVAND A/S,6001,999,Guldborgsund,,,83eafc16-f43c-4bfd-8292-6f327f60c7fa,83eafc16-f43c-4bfd-8292-6f327f60c7fa,Engmosen Renseanlæg,Renseanlæg,,MBNDK,,1442,,17858,,2048,,535,,748981,,683238.000001891,6071423.99986795
2024,4800,999,LANGELAND SPILDEVAND ApS,6000,999,Langeland,,,840fc5fe-d115-407b-9cf9-39391955990d,840fc5fe-d115-407b-9cf9-39391955990d,Brandsby Renseanlæg,Renseanlæg,,MBNDK,,2293,,27492,,6486,,470,,818554,,614600.000001264,6077279.99987322
2024,200,999,SILKEBORG SPILDEVAND A/S,195,999,Silkeborg,,,852dc153-f5b0-48c9-bc59-93c4ac13fe3e,852dc153-f5b0-48c9-bc59-93c4ac13fe3e,Vrads,Renseanlæg,,Rodzoneanlæg,,22,,274,,88,,20,,9528,,527948.000000316,6211154.99987338
2024,200,999,COMWELL STOREBÆLT A/S,200,999,Slagelse,,,869dbb48-ac93-44a3-96da-194ac4b901ed,869dbb48-ac93-44a3-96da-194ac4b901ed,KLARSKOVGÅRD,Renseanlæg,,MB,,880,,2700,,616,,101,,7880,,638612.053237033,6130829.41844323
2024,22600,999,Novafos Spildevand Allerød A/S,20099,999,Allerød,,,86aecd8a-9242-462f-bddc-44ad5f6a9f8a,86aecd8a-9242-462f-bddc-44ad5f6a9f8a,Lillerød Renseanlæg,Renseanlæg,,MBNDK,,4585,,64272,,7632,,1380,,2165067,,707808.345352901,6197556.61388633
2024,7500,999,ÆRØ VAND A/S,7500,999,Ærø,,,86c6a529-d210-4052-a4b1-c3d552ae91c5,86c6a529-d210-4052-a4b1-c3d552ae91c5,Ærøskøbing Renseanlæg,Renseanlæg,,MBNDK,,1428,,10464,,1178,,101,,412116,,591220.000001005,6082899.99987346
2024,2300,999,VORDINGBORG SPILDEVAND A/S,2300,999,Vordingborg,,,8759fbab-f4b0-49df-9d58-131d2fb02939,8759fbab-f4b0-49df-9d58-131d2fb02939,KALVEHAVE,Renseanlæg,,MBKF,,2650,,27349,,4479,,323,,152978,,700953.000001796,6098313.9998634
2024,1200000,999,BIOFOS A/S,1200000,999,København,,,8793f333-ad28-446d-8d0e-c9c854ca4a6d,8793f333-ad28-446d-8d0e-c9c854ca4a6d,Renseanlæg Lynetten,Renseanlæg,,MBNDK,,230412,,2651973,,426637,,27436,,66217520.0,,728971.982873458,6178599.27030523
2024,350000,999,BIOFOS A/S,470000,999,København,,,87c30072-633c-440b-b3a1-1b0f529acf6f,87c30072-633c-440b-b3a1-1b0f529acf6f,Renseanlæg Damhusåen,Renseanlæg,,MBNDK,,70599,,861726,,204457,,16074,,29064376.0,,729478.836057856,6177669.13818854
2024,4500,999,GULDBORGSUND SPILDEVAND A/S,4520,999,Guldborgsund,,,885190fe-7b89-4f8d-9f66-ae500dcb1cfa,885190fe-7b89-4f8d-9f66-ae500dcb1cfa,GEDSER,Renseanlæg,,MBK,,1008,,17402,,1168,,179,,365232,,690186.000001895,6050930.99986675
2024,100,999,NK-SPILDEVAND A/S,100,999,Næstved,,,895ea9b4-9574-48cc-bcb5-757b47b28f40,895ea9b4-9574-48cc-bcb5-757b47b28f40,Holløse,Renseanlæg,,MBN,,3,,58,,46,,12,,1465,,670343.600001841,6130809.59986959
2024,73000,999,VESTHIMMERLANDS VAND A/S,30000,999,Vesthimmerlands,,,89ca42d1-62db-415b-ae2b-2a08b6d82355,89ca42d1-62db-415b-ae2b-2a08b6d82355,Løgstør,Renseanlæg,,MBNDKL,,2338,,27880,,10982,,190,,1381815,,516467,6314271.26998741
2024,700,999,NK-SPILDEVAND A/S,700,999,Næstved,,,89efb61a-10a8-446d-aa40-0b27ca28767d,89efb61a-10a8-446d-aa40-0b27ca28767d,VALLENSVED,Renseanlæg,,MBNL,,168,,2042,,405,,17,,102078,,667418.000001821,6127992.99986998
2024,800,999,Ørsted Bioenergy & Thermal Power A/S,800,999,Frederikssund,,,8b19089b-b921-457c-a99b-cc29f5bbb3eb,8b19089b-b921-457c-a99b-cc29f5bbb3eb,Kyndbyværkets renseanlæg,Renseanlæg,,MB,,29,,320,,50,,3,,15803,,680434.560540621,6188639.15507955
2024,50,999,HØJBO FRISKOLE,50,999,Kalundborg,,,8b211e0d-1221-4dd1-882b-00e7bbc994f4,8b211e0d-1221-4dd1-882b-00e7bbc994f4,Højbo Friskole Minirenseanlæg,Renseanlæg,,MBNK,,110,,450,,154,,4,,1970,,646987.918830965,6175159.52858715
2024,80,999,MARJATTAHJEMMENES STØTTEFOND,80,999,Næstved,,,8b33af99-f1b3-42da-88f4-e2bfffd71110,8b33af99-f1b3-42da-88f4-e2bfffd71110,MARJATTA,Renseanlæg,,MB,,396,,1215,,277,,45,,3546,,692418.000001866,6116442.99986553
2024,100000,999,HILLERØD SPILDEVAND A/S,100000,999,Hillerød,,,8b6c3e21-8ea3-462d-8d3b-080d9f38894d,8b6c3e21-8ea3-462d-8d3b-080d9f38894d,"HCRSyd - Slåenbækken, Solrødgård",Renseanlæg,,Sekundær udledning,,264,,4614,,495,,30,,176826,,704686.000000001,6199950
2024,9000,999,MORSØ SPILDEVAND A/S,9000,999,Morsø,,,8b8d2024-57f3-4340-b158-51a6aeb96f17,8b8d2024-57f3-4340-b158-51a6aeb96f17,Langtoftegård (Sundby),Renseanlæg,,MBNDK,,329,,3725,,811,,55,,159505,,478318.99999975,6302221.99987333
2024,17500,999,Novafos Spildevand Rudersdal A/S,17500,999,Rudersdal,,,8c2755d9-74b6-44f8-9823-b272988d9b73,8c2755d9-74b6-44f8-9823-b272988d9b73,Vedbæk,Renseanlæg,,MBNDK,,9617,,73856,,9472,,1376,,2102779,,723740.000000674,6195369.99985163
2024,4500,999,FFV SPILDEVAND A/S,4500,999,Faaborg-Midtfyn,,,8c40b489-554b-4e0b-9fa0-0bf3e2ac25e5,8c40b489-554b-4e0b-9fa0-0bf3e2ac25e5,Ferritslev Renseanlæg,Renseanlæg,,MBNDKL,,911,,8359,,3121,,102,,883650,,600944.877865443,6130870.86728016
2024,4200,999,KALUNDBORG RENSEANLÆG A/S,4200,999,Kalundborg,,,8c9f9346-7dcb-4dea-9aac-bde568716ad1,8c9f9346-7dcb-4dea-9aac-bde568716ad1,HAVNSØ,Renseanlæg,,MBNDK,,747,,8352,,621,,60,,313114,,646119.000001643,6181633.99987177
2024,670,999,Feriecentret,244,999,Kalundborg,,,8cfae8b1-a7dc-4594-837b-09fdb72e2852,8cfae8b1-a7dc-4594-837b-09fdb72e2852,UGERLØSE CAMPING,Renseanlæg,,Mekanisk rens.,,2695,,5513,,655,,101,,6895,,633100.000001497,6165699.99987251
2024,6000,999,HEDENSTED SPILDEVAND A/S,6000,999,Hedensted,,,8cff9ebe-10ff-4285-ae92-7d4afde4f8b8,8cff9ebe-10ff-4285-ae92-7d4afde4f8b8,Tørring Renseanlæg,Renseanlæg,,MBNK,,4762,,26514,,4444,,421,,763799,,530645.734936509,6189917.40900082
2024,65,999,AquaDjurs A/S,65,999,Syddjurs,,,8dd5abc8-a358-456b-b31f-16ee1293adca,8dd5abc8-a358-456b-b31f-16ee1293adca,Hyllested Skovgårde,Renseanlæg,,MB,,10,,80,,29,,5,,2381,,610983.000001266,6235845.99987303
2024,70,999,Forsvaret og Forsvarsministeriets styrelser,70,999,Haderslev,,,90683cb1-eece-4a22-ac6a-f4ae2612465e,90683cb1-eece-4a22-ac6a-f4ae2612465e,Bæk Skovvej 4,Renseanlæg,,Mekanisk rens.,,1078,,2205,,262,,40,,2758,,514159,6123545
2024,4000,999,KALUNDBORG RENSEANLÆG A/S,4000,999,Kalundborg,,,90ba72bd-dfae-4695-b354-3fa3f3a5d178,90ba72bd-dfae-4695-b354-3fa3f3a5d178,VISKINGE,Renseanlæg,,MBNDK,,1904,,16128,,2725,,196,,585108,,643267.00000161,6171542.99987198
2024,7500,999,VANDCENTER SYD A/S,7500,999,Nordfyns,,,91072027-63e7-40a6-93ab-39b6e2c77778,91072027-63e7-40a6-93ab-39b6e2c77778,Hofmansgave Renseanlæg,Renseanlæg,,MBNDK,,1789,,24685,,2719,,269,,672212,,594370.000001057,6156834.99987333
2024,70000,999,Novafos Måløv Rens A/S,70000,999,Ballerup,,,91185982-7213-48bc-b55d-b19e793dd4b7,91185982-7213-48bc-b55d-b19e793dd4b7,Måløv Rens,Renseanlæg,,MBNDKS,,8408,,130370,,20366,,3658,,4391133,,708335.000001513,6184402.99985943
2024,180,999,HERNING RENS A/S,199,999,Herning,,,917fe66b-d81a-45fe-97dc-9d5842604886,917fe66b-d81a-45fe-97dc-9d5842604886,Karstoft Renseanlæg,Renseanlæg,,Rodzoneanlæg,,71,,720,,208,,38,,29779,,496505.999999961,6199287.99987339
2024,24000,999,RINGKØBING-SKJERN FORSYNING A/S,11005,999,Ringkøbing-Skjern,,,933bef15-bc51-4c66-8625-a38a5ee3f3f8,933bef15-bc51-4c66-8625-a38a5ee3f3f8,Hvide Sande,Renseanlæg,,MBNDK,,1535,,16547,,1333,,133,,590043,,446503.875084285,6207101.21054029
2024,31,999,,31,999,Tønder,,,938df8bc-2cf9-4d65-a3e8-1b7b899153fe,938df8bc-2cf9-4d65-a3e8-1b7b899153fe,FAMILIEPLEJEN I SØNDERJYLLAND,Renseanlæg,,MB,,136,,419,,95,,16,,1221,,497721.999999975,6093400.99987352
2024,4000,999,RINGKØBING-SKJERN FORSYNING A/S,4000,999,Ringkøbing-Skjern,,,93adfe1e-803d-4f6b-b2c4-aa2963db6de0,93adfe1e-803d-4f6b-b2c4-aa2963db6de0,Grønbjerg,Renseanlæg,,MBNK,,211,,2004,,284,,16,,68863,,470895.99999967,6226604.99987337
2024,6150,999,MIDDELFART SPILDEVAND A/S,3800,999,Middelfart,,,93b86be0-9422-499f-ade5-48b221e7a97b,93b86be0-9422-499f-ade5-48b221e7a97b,Gelsted Renseanlæg,Renseanlæg,,MBNDKL,,915,,8723,,2164,,117,,612270,,560738.993149731,6139285.08026197
2024,900,999,ENERGI VIBORG VAND A/S,850,999,Viborg,,,94e8fc88-6e70-4d28-a7fd-cdaa79b9de17,94e8fc88-6e70-4d28-a7fd-cdaa79b9de17,Vammen,Renseanlæg,,MBNDK,,105,,1841,,484,,47,,113566,,535289.000000404,6266343.99987334
2024,42000,999,VEJLE SPILDEVAND A/S,42000,999,Vejle,,,95078305-f40f-4020-ba96-7e3579863af3,95078305-f40f-4020-ba96-7e3579863af3,GIVE CENTRALRENS.,Renseanlæg,,MBNDK,,6314,,47638,,3885,,282,,2318032,,513457.600000153,6189178.3998734
2024,63000,999,IKAST-BRANDE SPILDEVAND A/S,35000,999,Ikast-Brande,,,951327fc-1af4-4244-89fb-357270f013bd,951327fc-1af4-4244-89fb-357270f013bd,Ikast,Renseanlæg,,MBNDK,,11527,,112959,,9526,,1184,,4395976,,508702.000000099,6223123.99987337
2024,80,999,LOLLAND SPILDEVAND A/S,80,999,Lolland,,,95d57f42-e6c9-4d1b-81f3-db0958170369,95d57f42-e6c9-4d1b-81f3-db0958170369,ØSTER SKØRRINGE,Renseanlæg,,Mekanisk rens.,,1232,,2520,,299,,46,,3152,,654578.000001694,6069009.99987156
2024,43000,999,PROVAS-HADERSLEV SPILDEVAND A/S,65000,999,Haderslev,,,96428b0d-d1be-4d2f-906f-3590a09fc0b9,96428b0d-d1be-4d2f-906f-3590a09fc0b9,Vojens renseanlæg udløb nr. 2 (Fiktiv),Renseanlæg,,Sekundær udledning,,740,,5829,,464,,126,,260444,,515608,6116709
2024,50,999,Filadelfia,50,999,Sorø,,,96ce4b69-8e3c-4df6-bb49-2dd605c8d2c4,96ce4b69-8e3c-4df6-bb49-2dd605c8d2c4,BROMME PLEJEHJEM,Renseanlæg,,Mekanisk rens.,,770,,1575,,187,,29,,1970,,659089.00000176,6152163.9998708
2024,2300,999,STEVNS SPILDEVAND A/S,2300,999,Stevns,,,96f4f5ad-e777-43ed-8bc0-14d498e55196,96f4f5ad-e777-43ed-8bc0-14d498e55196,KLIPPINGE,Renseanlæg,,MBNDK,,418,,4378,,329,,36,,146843,,710893.688096259,6139442.22366975
2024,2000,999,ODSHERRED SPILDEVAND A/S,2000,999,Odsherred,,,96f7a6ee-29c7-47c8-b33e-328f65e91b7e,96f7a6ee-29c7-47c8-b33e-328f65e91b7e,RØRVIG,Renseanlæg,,MBNDK,,1592,,18714,,1761,,93,,390658,,672518.000001859,6202218.9998688
2024,55,999,,55,999,Bornholm,,,975b8c6a-0a46-45a3-ae87-1c382f28dcc1,975b8c6a-0a46-45a3-ae87-1c382f28dcc1,Kunstmuseum,Renseanlæg,,Mekanisk rens.,,231,,472,,56,,9,,591,,874834.999750182,6135711.99941487
2024,25000,999,MIDDELFART SPILDEVAND A/S,35000,999,Middelfart,,,977f0bd4-ddca-4e40-9321-51b09ed7a79d,977f0bd4-ddca-4e40-9321-51b09ed7a79d,Middelfart Centralrenseanlæg,Renseanlæg,,MBNDK,,13256,,96204,,22232,,3604,,4832317,,548170.000000539,6153799.99987344
2024,150,999,KØGE AFLØB A/S,150,999,Køge,,,97fbe10d-6307-4889-ad3b-a7d54405735a,97fbe10d-6307-4889-ad3b-a7d54405735a,Ringsbjerg,Renseanlæg,,BS  Biologisk sandfilter,,4,,81,,291,,31,,4669,,696386.247276917,6143599.69406073
2024,13000,999,Novafos Spildevand Frederikssund A/S,13000,999,Frederikssund,,,9854cdac-d3f3-4317-a1ba-cc639d9e6df6,9854cdac-d3f3-4317-a1ba-cc639d9e6df6,Tørslev,Renseanlæg,,MBNDK,,2494,,23340,,2084,,229,,916065,,690378.307524988,6189715.63887597
2024,45000,999,HEDENSTED SPILDEVAND A/S,45000,999,Hedensted,,,9884de71-5248-4462-aebe-e4732fd4c0eb,9884de71-5248-4462-aebe-e4732fd4c0eb,Hedensted Renseanlæg,Renseanlæg,,MBNDK,,25678,,155330,,14157,,2568,,5056788,,546201.675897108,6176462.54140806
2024,23500,999,DIN Forsyning Spildevand A/S,23500,999,Varde,,,98886481-e1bb-4cf9-90ba-b3895b5f8fc1,98886481-e1bb-4cf9-90ba-b3895b5f8fc1,Skovlund Renseanlæg,Renseanlæg,,MBNDK,,1785,,30092,,5326,,617,,1586272,,482709.999999806,6175277.99987341
2024,1400,999,LÆSØ VAND A/S,1180,999,Læsø,,,99b2f0ab-499f-4277-8246-d7b49e76972f,99b2f0ab-499f-4277-8246-d7b49e76972f,Østerbyhavn,Renseanlæg,,Mekanisk rens.,,5264,,19468,,2440,,299,,120289,,628230.000001499,6355304.99987241
2024,120,999,REBILD VAND & SPILDEVAND A/S,50,999,Rebild,,,9a070e12-424b-4db4-9c24-7c8f5de560f6,9a070e12-424b-4db4-9c24-7c8f5de560f6,St. Binderup,Renseanlæg,,Rodzoneanlæg,,220,,675,,154,,25,,1970,,534419,6291415
2024,4000,999,FORS Spildevand Holbæk A/S,4500,999,Holbæk,,,9a3c6aaf-df3d-4569-8ace-60164f2f517f,9a3c6aaf-df3d-4569-8ace-60164f2f517f,SVINNINGE,Renseanlæg,,MBNDK,,1622,,14147,,1787,,363,,661919,,654143.000001722,6178546.99987115
2024,110,999,,0,999,Egedal,,,9a422170-d660-4d2f-8806-b0e3c59ab04a,9a422170-d660-4d2f-8806-b0e3c59ab04a,Nordisk Triclair,Renseanlæg,,MB,,484,,1485,,339,,55,,4334,,703938.000001639,6184462.99986112
2024,3000,999,BlueKolding Spildevand A/S,3000,999,Kolding,,,9a42d458-92bc-4dac-a15b-d11867f8f4f2,9a42d458-92bc-4dac-a15b-d11867f8f4f2,TRAPPENDAL,Renseanlæg,,MBNK,,5041,,21182,,2019,,705,,360191,,539513.00000044,6136773.99987346
2024,70,999,,70,999,Vejle,,,9a83f8d1-1526-4982-975b-0811fecde10f,9a83f8d1-1526-4982-975b-0811fecde10f,FUGLEKÆRGÅRD,Renseanlæg,,MBNK,,154,,630,,216,,5,,2758,,541010.00000046,6170299.99987342
2024,8000,999,LOLLAND SPILDEVAND A/S,7260,999,Lolland,,,9af5b5cd-6aa0-4ab3-a809-8a3403cf0c41,9af5b5cd-6aa0-4ab3-a809-8a3403cf0c41,DANNEMARE,Renseanlæg,,MBNDK,,488,,8456,,1104,,168,,302343,,641062.800001557,6068669.1998724
2024,6000,999,GULDBORGSUND SPILDEVAND A/S,4596,999,Guldborgsund,,,9b1b00fc-23d0-43b7-9614-7507886fddef,9b1b00fc-23d0-43b7-9614-7507886fddef,STUBBEKØBING,Renseanlæg,,MBNDK,,1743,,16027,,2176,,313,,480976,,695683.000001858,6087352.99986503
2024,22000,999,MIDDELFART SPILDEVAND A/S,22000,999,Middelfart,,,9b56d9d9-5e72-4e70-888d-f6aa232d0b5c,9b56d9d9-5e72-4e70-888d-f6aa232d0b5c,Nr. Åby Renseanlæg,Renseanlæg,,MBNDKF,,1950,,19187,,3470,,103,,1395727,,553889.357589329,6145860.79461149
2024,35,999,FORS Spildevand Holbæk A/S,,999,Holbæk,,,9b6f7932-3518-458a-895e-03dff9e86085,9b6f7932-3518-458a-895e-03dff9e86085,Løserup (Septiktanke),Renseanlæg,,Mekanisk rens.,,539,,1103,,131,,20,,1379,,669420.605053087,6185867.07620682
2024,7000,999,GULDBORGSUND SPILDEVAND A/S,7000,999,Guldborgsund,,,9c56bda5-7cfb-4db0-a686-373603684bd2,9c56bda5-7cfb-4db0-a686-373603684bd2,"TÅRUP, NØRRE ALSLEV",Renseanlæg,,MBNDK,,2328,,22845,,4734,,464,,850742,,688609.00000189,6086673.99986673
2024,7700,999,FAXE SPILDEVANDSCENTER A/S,5513,999,Faxe,,,9cb6eb16-2ea6-4b0b-b5cf-75a7bda41568,9cb6eb16-2ea6-4b0b-b5cf-75a7bda41568,KONGSTED,Renseanlæg,,MBNDK,,1681,,14059,,1511,,85,,547301,,694129.000001849,6127093.99986496
2024,100,999,FONDEN FOR FOLKEUNIVERSITETSCENTERET SKÆRUM MØLLE,100,999,Holstebro,,,9cce7c37-c717-4413-915d-851e4a549cee,9cce7c37-c717-4413-915d-851e4a549cee,Skærum Mølle Renseanlæg,Renseanlæg,,Rodzoneanlæg,,13,,41,,9,,2,,118,,459897.999999543,6243547.99987335
2024,7100,999,ENERGI VIBORG VAND A/S,6050,999,Viborg,,,9d1bfbe5-06f9-46eb-8b13-9d51e13a0c76,9d1bfbe5-06f9-46eb-8b13-9d51e13a0c76,Bjerregrav,Renseanlæg,,MBNDK,,476,,8044,,1753,,139,,454751,,530998.000000355,6269752.99987334
2024,15000,999,ARWOS SPILDEVAND A/S,15000,999,Aabenraa,,,9d3ffd45-252f-4dd2-975b-20dac1a186d6,9d3ffd45-252f-4dd2-975b-20dac1a186d6,Gårdeby Renseanlæg,Renseanlæg,,MBNK,,6514,,44809,,3150,,524,,1257747,,515957.000000176,6084079.99987354
2024,1200,999,ENERGI VIBORG VAND A/S,850,999,Viborg,,,9d4d4db0-e383-4b3a-8ba6-78d86b85c864,9d4d4db0-e383-4b3a-8ba6-78d86b85c864,Løvel,Renseanlæg,,MBNDK,,132,,1152,,237,,18,,40688,,527091.00000031,6266276.99987334
2024,1900,999,SK SPILDEVAND A/S,999,999,Slagelse,,,9d5fba9f-4f9e-4e52-b2ab-1b520b5c4d4a,9d5fba9f-4f9e-4e52-b2ab-1b520b5c4d4a,OMØ,Renseanlæg,,MBN,,48,,876,,316,,50,,13480,,636544.000001519,6112893.9998725
2024,80,999,SK SPILDEVAND A/S,80,999,Slagelse,,,9ed10ca2-46b6-49ba-ac74-e26268a6af8e,9ed10ca2-46b6-49ba-ac74-e26268a6af8e,BILDSØ,Renseanlæg,,Mekanisk rens.,,15,,31,,4,,1,,39,,641726.000001587,6148844.99987214
2024,220,999,,213,999,Syddjurs,,,9edaa3c8-f3e0-4375-bad3-053352bc6941,9edaa3c8-f3e0-4375-bad3-053352bc6941,Grønfeld,Renseanlæg,,Rodzoneanlæg,,40,,838,,443,,43,,41114,,595817.000001092,6235771.99987323
2024,200,999,,200,999,Bornholm,,,9f0c6929-e396-42af-aec5-7559d5f6f2c7,9f0c6929-e396-42af-aec5-7559d5f6f2c7,Dansk Folkeferie,Renseanlæg,,MB,,330,,1013,,231,,38,,2955,,865359.999802293,6140534.99947892
2024,9900,999,Novafos Spildevand Rudersdal A/S,15000,999,Rudersdal,,,9f30ab3a-823d-4b49-842f-80895ea8d310,9f30ab3a-823d-4b49-842f-80895ea8d310,Bistrup,Renseanlæg,,MBNDK,,1877,,24418,,3255,,716,,935415,,724785.000000615,6190699.99985115
2024,14000,999,JAMMERBUGT FORSYNING A/S,10677,999,Jammerbugt,,,a00774ff-5ffc-4c1b-89ed-1c5dd790afca,a00774ff-5ffc-4c1b-89ed-1c5dd790afca,Fjerritslev,Renseanlæg,,MBNDK,,2567,,23614,,4625,,461,,1229885,,518281.000000212,6317916.99987333
2024,4000,999,RINGKØBING-SKJERN FORSYNING A/S,4000,999,Ringkøbing-Skjern,,,a0185944-7f89-41d1-a443-ab06101c826f,a0185944-7f89-41d1-a443-ab06101c826f,Spjald,Renseanlæg,,MBNK,,1142,,13431,,972,,127,,536600,,469310.999999652,6221357.99987337
2024,3000,999,SK SPILDEVAND A/S,3000,999,Slagelse,,,a02f25fb-4dc2-4d07-b10c-731e23f15134,a02f25fb-4dc2-4d07-b10c-731e23f15134,SØRBYMAGLE,Renseanlæg,,MBNL,,952,,6793,,897,,156,,293883,,653539.000001705,6138358.99987136
2024,2200,999,TØNDER SPILDEVAND A/S,2200,999,Tønder,,,a05be861-743e-4367-9100-953f2b0ca9ed,a05be861-743e-4367-9100-953f2b0ca9ed,ARRILD,Renseanlæg,,MBNK,,484,,5142,,1584,,128,,140440,,497865.999999976,6111402.99987349
2024,105000,999,VESTHIMMERLANDS VAND A/S,105000,999,Vesthimmerlands,,,a124a49f-c3a1-4f53-91d8-ef7e897e2360,a124a49f-c3a1-4f53-91d8-ef7e897e2360,Aars Renseanlæg,Renseanlæg,,MBNDKL,,1318,,13985,,2829,,196,,634031,,533345.000000384,6296575.99987333
2024,670,999,Urhøj-Camping I/S v/ Lone & Alex Feilskov,670,999,Kalundborg,,,a2d37d99-b947-4977-828c-9799fad42e55,a2d37d99-b947-4977-828c-9799fad42e55,URHØJGÅRD CAMPING,Renseanlæg,,Mekanisk rens.,,10318,,21105,,2506,,386,,26398,,635400.000001521,6161199.99987242
2024,80000,999,ENERGI VIBORG VAND A/S,80000,999,Viborg,,,a371d431-95e9-4657-972f-10c33b37d5b4,a371d431-95e9-4657-972f-10c33b37d5b4,Bjerringbro,Renseanlæg,,MBNDK,,7014,,71026,,4750,,724,,2837055,,542168.000000481,6248052.99987335
2024,30,999,KK Ejendomme Aalborg ApS,0,999,Aalborg,,,a48f1833-0b3e-47f0-acee-894a689ac778,a48f1833-0b3e-47f0-acee-894a689ac778,Kronborg Renseanlæg,Renseanlæg,,Rodzoneanlæg,,440,,1350,,308,,50,,3940,,553098.288467618,6324674.16477208
2024,600,999,HERNING RENS A/S,460,999,Herning,,,a49fc502-ae62-4524-9777-91c5e7f929e2,a49fc502-ae62-4524-9777-91c5e7f929e2,Skarrild Renseanlæg,Renseanlæg,,MBN,,89,,1430,,396,,42,,68425,,493458.999999926,6203292.99987338
2024,40,999,Sibiriens Kloaklaug,40,999,Stevns,,,a4d7031d-fd3a-4f89-99aa-d5a5ca09c4b9,a4d7031d-fd3a-4f89-99aa-d5a5ca09c4b9,Sibiriens Kloaklaug,Renseanlæg,,MBN,,132,,450,,123,,20,,1576,,709615.203794291,6137617.32015514
2024,80000,999,ENERGI VIBORG VAND A/S,80000,999,Viborg,,,a51919bd-8166-43ca-9523-cb5288eb1ac8,a51919bd-8166-43ca-9523-cb5288eb1ac8,Viborg Centralrenseanlæg,Renseanlæg,,MBNDK,,11770,,144415,,36665,,1075,,5891291,,528297.000000323,6253433.99987335
2024,4250,999,SVENDBORG SPILDEVAND A/S,5300,999,Svendborg,,,a5524587-e146-4056-a168-5c21137275f2,a5524587-e146-4056-a168-5c21137275f2,Hørup Renseanlæg,Renseanlæg,,MBNDKL,,1497,,10532,,2232,,209,,739853,,595682.000001061,6109082.99987339
2024,2000,999,Region Hovedstaden,2000,999,Herlev,,,a5a81832-7c42-49c9-94ae-3bcdfd1a0c28,a5a81832-7c42-49c9-94ae-3bcdfd1a0c28,U39C - Herlev Hospital,Renseanlæg,,Filtrering,,244,,2054,,791,,56,,182975,,716989.822945396,6180471.61442395
2024,100,999,,100,999,Favrskov,,,a5da0a4d-f3ff-4204-be25-b404a8585bf9,a5da0a4d-f3ff-4204-be25-b404a8585bf9,Borre,Renseanlæg,,Mekanisk rens.,,1078,,2205,,262,,40,,2758,,542689.000000486,6241142.99987336
2024,6000,999,ENERGI VIBORG VAND A/S,6000,999,Viborg,,,a61f3932-f12a-4434-aa25-3d72b7433376,a61f3932-f12a-4434-aa25-3d72b7433376,Stoholm,Renseanlæg,,MBNDK,,853,,10837,,1526,,105,,505498,,509788.000000112,6260364.99987334
2024,16000,999,DIN Forsyning Spildevand A/S,16000,999,Varde,,,a6625171-73ad-444f-bfbc-c0bd72bc7bd3,a6625171-73ad-444f-bfbc-c0bd72bc7bd3,Outrup Renseanlæg,Renseanlæg,,MBNDK,,594,,8821,,793,,53,,339886,,456550.999999512,6175487.99987341
2024,50,999,,50,999,Vordingborg,,,a6a5156b-1408-4015-ace3-b7956f55bb41,a6a5156b-1408-4015-ace3-b7956f55bb41,Feriekolonien Østersøen,Renseanlæg,,Mekanisk rens.,,616,,1260,,150,,23,,1576,,711098.000001595,6093513.99986
2024,16000,999,HORSENS VAND A/S,16000,999,Horsens,,,a6f1f78c-7628-49d6-9c35-1ea0ea33810a,a6f1f78c-7628-49d6-9c35-1ea0ea33810a,Brædstrup,Renseanlæg,,MBNDK,,4681,,25755,,4894,,276,,1899668,,540805.000000461,6199230.99987339
2024,1185,999,Vandmiljø Randers A/S,1185,999,Randers,,,a7bbcef2-2bd8-49af-86ea-587ae1042815,a7bbcef2-2bd8-49af-86ea-587ae1042815,Mellerup,Renseanlæg,,MBNK,,1076,,6925,,1603,,173,,154338,,574545.000000854,6263404.99987332
2024,20000,999,VANDCENTER SYD A/S,20000,999,Nordfyns,,,a8257558-2cd8-4a1d-9af0-9e056c9525a6,a8257558-2cd8-4a1d-9af0-9e056c9525a6,Søndersø By Renseanlæg,Renseanlæg,,MBNDKL,,7093,,42851,,5023,,459,,1879848,,579834.543990281,6148444.39608123
2024,50,999,,50,999,Køge,,,a84e37f4-1038-4749-bc24-073667f03d5a,a84e37f4-1038-4749-bc24-073667f03d5a,Drueholm,Renseanlæg,,MBN,,165,,563,,154,,25,,1970,,691897.000001855,6145901.99986533
2024,4500,999,LOLLAND SPILDEVAND A/S,5267,999,Lolland,,,a8748316-2034-4506-b0d9-493906f1e349,a8748316-2034-4506-b0d9-493906f1e349,SØLLESTED,Renseanlæg,,MBNK,,607,,8770,,1181,,288,,519127,,645650,6075935
2024,12000,999,Novafos Spildevand Frederikssund A/S,12000,999,Frederikssund,,,a8b24078-a955-4d48-b632-df140266a019,a8b24078-a955-4d48-b632-df140266a019,Slangerup,Renseanlæg,,MBNDK,,2071,,30392,,3987,,409,,964763,,697867,6193144.82
2024,15000,999,SONFOR Spildevand A/S,15000,999,Sønderborg,,,a93380a4-dde5-443a-83c7-9b77198d7a84,a93380a4-dde5-443a-83c7-9b77198d7a84,HIMMARK,Renseanlæg,,MBNDK,,4913,,38277,,4498,,436,,1679467,,552573.000000581,6099389.99987351
2024,40,999,,40,999,Ringkøbing-Skjern,,,a933b14f-3aa8-425f-a6e5-c1820b50e733,a933b14f-3aa8-425f-a6e5-c1820b50e733,ØSTER NØRBY,Renseanlæg,,Mekanisk rens.,,616,,1260,,150,,23,,1576,,449369.999999426,6218139.99987337
2024,600,999,TØNDER SPILDEVAND A/S,600,999,Tønder,,,a9388689-5773-48ea-a26f-8f49bf3adbed,a9388689-5773-48ea-a26f-8f49bf3adbed,HUSUM - BALLUM,Renseanlæg,,MBN,,139,,2555,,558,,65,,76731,,479146.999999769,6102606.99987351
2024,4000,999,FORS Spildevand Lejre A/S,4000,999,Lejre,,,a99f037a-cda5-4623-ae9f-759a5c24c2ac,a99f037a-cda5-4623-ae9f-759a5c24c2ac,Gevninge Renseanlæg,Renseanlæg,,MBND,,681,,6642,,554,,50,,241730,,686100.000001874,6171778.99986645
2024,13000,999,STEVNS SPILDEVAND A/S,13000,999,Stevns,,,ab0b4df4-e79b-4dcf-97eb-43d656d4a573,ab0b4df4-e79b-4dcf-97eb-43d656d4a573,Strøby Ladeplads,Renseanlæg,,MBNDK,,4318,,38568,,2660,,537,,1448103,,707497.000001608,6145867.99986044
2024,60,999,,0,999,Frederikssund,,,ab1fd53a-40e4-4347-bcaa-d939acd0adca,ab1fd53a-40e4-4347-bcaa-d939acd0adca,Vendslev Huse,Renseanlæg,,Mekanisk rens.,,924,,1890,,224,,35,,2364,,679436.6981822,6184984.29378701
2024,24000,999,FAVRSKOV SPILDEVAND A/S,24982,999,Favrskov,,,ab73751c-fd24-47f8-b264-339e3c1de3dc,ab73751c-fd24-47f8-b264-339e3c1de3dc,Hinnerup,Renseanlæg,,MBNDK,,4199,,33927,,4229,,257,,1190663,,566827.000000761,6237161.99987335
2024,10000,999,HJØRRING VANDSELSKAB A/S,8503,999,Hjørring,,,aba64381-cecf-47ee-a51c-074487378f76,aba64381-cecf-47ee-a51c-074487378f76,Sindal,Renseanlæg,,MBNDK,,2156,,19684,,1357,,210,,793413,,572448.000000848,6370205.99987331
2024,35,999,,35,999,Vordingborg,,,ac1921d5-e941-4303-869e-6aac998bf9f2,ac1921d5-e941-4303-869e-6aac998bf9f2,TERNEVEJ MASNEDØ SOMMERHUSE VEST,Renseanlæg,,Mekanisk rens.,,385,,788,,94,,14,,985,,684628.000001891,6096763.99986746
2024,99,999,Bjerre Gymnastik- og Idrætsefterskole Akademiet,99,999,Hedensted,,,ac3e3dd6-4105-4893-81df-d222178858a5,ac3e3dd6-4105-4893-81df-d222178858a5,"Livsstilsefterskolen Hjarnø, Hovedvejen 41, 7130 Juelsminde",Renseanlæg,,MBNDK,,0,,119,,0,,9,,3901,,568500.177437389,6187720.2301174
2024,100,999,,100,999,Ringkøbing-Skjern,,,ac9adbf3-d947-4378-b342-27ff98c90514,ac9adbf3-d947-4378-b342-27ff98c90514,Sneppedalen,Renseanlæg,,BS  Biologisk sandfilter,,440,,1350,,308,,50,,3940,,446009.999999387,6223189.99987337
2024,200,999,Camping Mønbroen v/Charles Jensen,300,999,Vordingborg,,,aca7b841-23b7-4314-b29f-c1222547d68c,aca7b841-23b7-4314-b29f-c1222547d68c,MØNSBROEN CAMPING,Renseanlæg,,MB,,880,,2700,,616,,101,,7880,,702779.383454476,6097802.55403256
2024,140,999,Leca Danmark A/S,90,999,Favrskov,,,acab76be-cf09-4a9f-8244-64ead0349be3,acab76be-cf09-4a9f-8244-64ead0349be3,Leca Hinge sanitært spildevand og industrielt overfladevand,Renseanlæg,,LT  Lavteknologisk anlæg,,335,,,,150,,12,,61978,,564262.000000733,6248160.99987334
2024,85,999,LOLLAND SPILDEVAND A/S,85,999,Lolland,,,ad65b771-b46f-4242-9f05-149ec1e3575b,ad65b771-b46f-4242-9f05-149ec1e3575b,NYBØLLE,Renseanlæg,,Mekanisk rens.,,739,,1512,,180,,28,,1891,,642678.000001578,6089603.99987226
2024,1900,999,BORNHOLMS SPILDEVAND A/S,1700,999,Bornholm,,,ade8d172-8e66-43ad-b953-119b4e06ce59,ade8d172-8e66-43ad-b953-119b4e06ce59,Melsted Renseanlæg,Renseanlæg,,MBK,,445,,3921,,707,,29,,169421,,880457.999713112,6134166.99937206
2024,10000,999,VESTFORSYNING SPILDEVAND A/S,8500,999,Holstebro,,,ae3f10c0-d09a-4c48-b7ba-5bd864b081c6,ae3f10c0-d09a-4c48-b7ba-5bd864b081c6,Ulfborg,Renseanlæg,,MBNDK,,1697,,12607,,1080,,255,,679824,,457396.999999515,6237466.99987336
2024,84000,999,AARHUS VAND A/S,106928,999,Aarhus,,,af36059b-fdf0-4b79-b50f-129612af15cf,af36059b-fdf0-4b79-b50f-129612af15cf,Åby,Renseanlæg,,MBNDKF,,11893,,111072,,27589,,1828,,6860642,,573137.89381518,6223465.25024126
2024,30,999,,30,999,Norddjurs,,,af4d14c9-5268-4fa6-b228-b03178a9c30a,af4d14c9-5268-4fa6-b228-b03178a9c30a,Væksthøjskolen Djursland,Renseanlæg,,Mekanisk rens.,,462,,945,,112,,17,,1182,,607793.000001234,6253067.99987307
2024,40,999,Lungholm Gods v/Nicolas de Bertouch-Lehn,40,999,Lolland,,,afadfb08-8078-4930-9de6-f2e05fcaaf51,afadfb08-8078-4930-9de6-f2e05fcaaf51,LUNGHOLM,Renseanlæg,,MBN,,116,,394,,108,,18,,1379,,658520,6060965
2024,100,999,NK-SPILDEVAND A/S,125,999,Næstved,,,b0314824-86de-41da-974b-40f03417e23a,b0314824-86de-41da-974b-40f03417e23a,DYSTED,Renseanlæg,,MBNF,,3,,54,,62,,15,,3151,,685838.000001886,6123882.99986696
2024,30,999,,0,999,Køge,,,b077e1f8-34aa-41bf-afcb-6ae7211bc24a,b077e1f8-34aa-41bf-afcb-6ae7211bc24a,Sommervej,Renseanlæg,,MBN,,99,,338,,92,,15,,1182,,690580.000001863,6147233.99986564
2024,75,999,SK SPILDEVAND A/S,75,999,Slagelse,,,b1cada9b-2bf6-4d6e-b6ec-60b03e379e1e,b1cada9b-2bf6-4d6e-b6ec-60b03e379e1e,ØRSLEV,Renseanlæg,,MBN,,12,,102,,50,,15,,1912,,652817.000001693,6122616.99987148
2024,1000,999,A/S STOREBÆLTSFORBINDELSEN,250,999,Odsherred,,,b1e35bc1-0084-4058-b9ea-e07d4cb01ddb,b1e35bc1-0084-4058-b9ea-e07d4cb01ddb,ODDEN FÆRGEHAVN,Renseanlæg,,Mekanisk rens.,,1540,,3150,,374,,58,,3940,,643300.000001621,6205099.99987188
2024,20000,999,VESTHIMMERLANDS VAND A/S,20000,999,Vesthimmerlands,,,b2198885-d68e-41cb-8234-9173112a16c4,b2198885-d68e-41cb-8234-9173112a16c4,Stistrup,Renseanlæg,,MBNDK,,5752,,46766,,4698,,364,,1046329,,514530.000000167,6289735.99987333
2024,132,999,LOLLAND SPILDEVAND A/S,10,999,Lolland,,,b25cafcf-585b-43bd-ab09-1a29e0425680,b25cafcf-585b-43bd-ab09-1a29e0425680,ASKØ,Renseanlæg,,MBS,,537,,1647,,376,,61,,4807,,647458.000001622,6070473.99987205
2024,290000,999,DIN Forsyning Spildevand A/S,290000,999,Esbjerg,,,b267fe7c-073e-4172-8e34-b1d691f2b573,b267fe7c-073e-4172-8e34-b1d691f2b573,Esbjerg vest,Renseanlæg,,MBNDK,,19767,,265104,,37123,,3916,,11768631.0,,462633,6148212
2024,15000,999,Thy Renseanlæg A/S,25000,999,Thisted,,,b2820d6e-0335-4d1b-86a8-545801d30f89,b2820d6e-0335-4d1b-86a8-545801d30f89,Tåbel,Renseanlæg,,MBNDK,,3422,,31795,,4210,,433,,1605001,,453028.999999459,6294751.99987333
2024,0,999,FAVRSKOV SPILDEVAND A/S,21560,999,Favrskov,,,b2e433e0-bb11-4c1a-a4b4-d320de5ccca8,b2e433e0-bb11-4c1a-a4b4-d320de5ccca8,Hadsten,Renseanlæg,,MBNDK,,3490,,59872,,3503,,299,,1796886,,563879.53533889,6243120.58509071
2024,110,999,,0,999,Frederikssund,,,b2aad99e-8d3e-4b0a-8679-845fd713a52f,b2aad99e-8d3e-4b0a-8679-845fd713a52f,Svanholm,Renseanlæg,,MBN,,363,,1238,,339,,55,,4334,,683876.239520331,6185775.97902417
2024,175,999,SK SPILDEVAND A/S,175,999,Slagelse,,,b3730c41-440f-42a0-a6c1-0256ba4514a3,b3730c41-440f-42a0-a6c1-0256ba4514a3,TJÆREBY,Renseanlæg,,MBN,,57,,638,,182,,44,,13254,,650264.000001668,6124473.99987167
2024,180,999,DEN SELVEJENDE INSTITUTION FÆLLESEJE,180,999,Holstebro,,,b3c907e9-689a-486f-900e-1ba810558a28,b3c907e9-689a-486f-900e-1ba810558a28,Tvind Renseanlæg,Renseanlæg,,SOP,,99,,405,,139,,3,,1773,,455296.802475227,6235086.63550556
2024,99,999,,100,999,Lejre,,,b444a763-30c0-4da8-afb6-d486a9bccadc,b444a763-30c0-4da8-afb6-d486a9bccadc,Kyndeløse Nordmark minirenseanlæg,Renseanlæg,,MBNK,,218,,891,,305,,7,,3901,,680233.000001879,6179104.99986761
2024,2167,999,REBILD VAND & SPILDEVAND A/S,1730,999,Rebild,,,b44cd8d4-1125-4a49-8d9f-f96350b5892e,b44cd8d4-1125-4a49-8d9f-f96350b5892e,Haverslev,Renseanlæg,,MBNDK,,636,,4498,,1031,,54,,261172,,541061.000000473,6293911.99987333
2024,1800,999,HILLERØD SPILDEVAND A/S,1700,999,Hillerød,,,b4d44f33-2f1c-45f3-a823-dd90be85b47e,b4d44f33-2f1c-45f3-a823-dd90be85b47e,Hammersholt,Renseanlæg,,MBND,,512,,9509,,1663,,132,,265215,,707490.321079476,6200128.58009547
2024,8700,999,ODSHERRED SPILDEVAND A/S,8700,999,Odsherred,,,b4e5a7e1-601b-4ef5-8c69-9d43120542b2,b4e5a7e1-601b-4ef5-8c69-9d43120542b2,NYKØBING,Renseanlæg,,MBNDK,,4588,,33265,,4041,,220,,879200,,667258.000001832,6199703.9998696
2024,30,999,SK SPILDEVAND A/S,30,999,Slagelse,,,b52f45b6-8681-4a22-b7d2-98a4cd5f8562,b52f45b6-8681-4a22-b7d2-98a4cd5f8562,SIBBERUP,Renseanlæg,,MBN,,66,,225,,62,,10,,788,,652271.874263844,6121920.26221585
2024,130,999,Skibelund Gymnastik- & Idrætsefterskole,135,999,Vejen,,,b5ff603c-32b9-4f72-b4fc-0eeec8420650,b5ff603c-32b9-4f72-b4fc-0eeec8420650,Skibelund Efterskole,Renseanlæg,,Mekanisk rens.,,2002,,4095,,486,,75,,5122,,507262.000000081,6143390.99987345
2024,7500,999,HEDENSTED SPILDEVAND A/S,7500,999,Hedensted,,,b65a6573-a030-4437-855f-dafd99ab2593,b65a6573-a030-4437-855f-dafd99ab2593,Åle Renseanlæg,Renseanlæg,,MBNK,,2241,,21404,,3663,,260,,1290990,,535929.099378074,6193253.4870876
2024,30000,999,VANDCENTER SYD A/S,30000,999,Odense,,,b65ca763-21cc-40b4-a1e6-6d2b291fff4a,b65ca763-21cc-40b4-a1e6-6d2b291fff4a,Nordøst Renseanlæg,Renseanlæg,,MBNDKF,,6473,,63387,,19838,,1051,,3012444,,590108.000001006,6143732.99987337
2024,300,999,LEMVIG VAND OG SPILDEVAND A/S,255,999,Lemvig,,,b66df4d5-65de-44b9-a570-0727641abc8b,b66df4d5-65de-44b9-a570-0727641abc8b,Fjaltring,Renseanlæg,,Rodzoneanlæg,,40,,898,,101,,34,,25567,,446460.999999388,6258549.99987334
2024,10000,999,BRØNDERSLEV SPILDEVAND A/S,9450,999,Brønderslev,,,b6991616-7781-45e3-bd51-86e189c0134c,b6991616-7781-45e3-bd51-86e189c0134c,Aså,Renseanlæg,,MBNDK,,2874,,27980,,3129,,359,,722296,,585839.678045413,6335421.77810607
2024,20,999,,30,999,Vordingborg,,,b6ac64b0-add5-483e-b955-13080351d7ca,b6ac64b0-add5-483e-b955-13080351d7ca,UDBY KRO,Renseanlæg,,Mekanisk rens.,,462,,945,,112,,17,,1182,,688886.277770002,6107811.17952438
2024,50,999,,50,999,Aarhus,,,b743c06f-227d-47fb-9168-d28cca60ba36,b743c06f-227d-47fb-9168-d28cca60ba36,"Beringvej 30, skurby",Renseanlæg,,MBNK,,4,,18,,6,,0,,79,,565649.000000744,6216935.99987336
2024,0,999,,100,999,Norddjurs,,,b75afa1b-76d2-443f-86a7-6d9481bcfdae,b75afa1b-76d2-443f-86a7-6d9481bcfdae,Sostrup Slot,Renseanlæg,,Mekanisk rens.,,308,,630,,75,,12,,788,,612494.000001291,6263090.99987298
2024,3500,999,SVENDBORG SPILDEVAND A/S,3000,999,Svendborg,,,b82c8e3c-132a-4f01-b813-f2003a9094c9,b82c8e3c-132a-4f01-b813-f2003a9094c9,Gudme Renseanlæg,Renseanlæg,,MBNKF,,431,,4992,,2969,,60,,338193,,608199.000001202,6113657.99987325
2024,50,999,,50,999,Køge,,,b87a6947-2c5d-4c24-b268-3a834a9c2d6f,b87a6947-2c5d-4c24-b268-3a834a9c2d6f,Regnemarksværket,Renseanlæg,,MB,,88,,270,,62,,10,,788,,690278.000001863,6150411.99986568
2024,100,999,,100,999,Guldborgsund,,,b8c53bb5-7fcf-4b59-b14d-815c92d2c32e,b8c53bb5-7fcf-4b59-b14d-815c92d2c32e,HØJMØLLE KRO,Renseanlæg,,MB,,66,,203,,46,,8,,591,,683108.00000189,6083093.99986787
2024,100,999,,100,999,Kalundborg,,,b9543f27-8b02-4555-a13d-fecc618dae8c,b9543f27-8b02-4555-a13d-fecc618dae8c,ISTEBJERG,Renseanlæg,,Mekanisk rens.,,1540,,3150,,374,,58,,3940,,635529.000001527,6175143.99987238
2024,83000,999,AARHUS VAND A/S,100000,999,Aarhus,,,b98813a1-680b-463d-8009-cc26ed36aad8,b98813a1-680b-463d-8009-cc26ed36aad8,Viby J - Døde Å - fiktiv,Renseanlæg,,Sekundær udledning,,3674,,21162,,7746,,206,,1137579,,570989.446810629,6220746.26163905
2024,400,999,LOLLAND SPILDEVAND A/S,400,999,Lolland,,,b9dd6e76-979e-488e-82d2-8f7cc6600f0e,b9dd6e76-979e-488e-82d2-8f7cc6600f0e,ERRINDLEV NORD,Renseanlæg,,Bassinanlæg,,451,,3997,,927,,174,,113403,,661309.000001755,6061172.99987101
2024,14000,999,BORNHOLMS SPILDEVAND A/S,11000,999,Bornholm,,,ba12ce4d-e3ef-43b7-b949-c558ea2e2fd6,ba12ce4d-e3ef-43b7-b949-c558ea2e2fd6,Tejn Renseanlæg,Renseanlæg,,MBNDKL,,1758,,16667,,2711,,259,,882815,,869405.999781478,6138158.99945272
2024,55,999,,55,999,Faaborg-Midtfyn,,,ba585ac9-90bc-4a3e-a1e8-dc10481f737b,ba585ac9-90bc-4a3e-a1e8-dc10481f737b,Pensionat (Avernakø),Renseanlæg,,Mekanisk rens.,,237,,484,,58,,9,,606,,584800.000000937,6097049.99987347
2024,250,999,,1200,999,Ikast-Brande,,,bac21309-bec4-4ec0-aa97-cb604ed97605,bac21309-bec4-4ec0-aa97-cb604ed97605,STATSFÆNGSLET KÆRSHOVEDGÅRD,Renseanlæg,,MB,,220,,675,,154,,25,,1970,,517672.297711183,6217127.65313166
2024,130000,999,FAXE SPILDEVANDSCENTER A/S,130000,999,Faxe,,,bae41227-5559-4d3d-8342-9ecd51e1d3a1,bae41227-5559-4d3d-8342-9ecd51e1d3a1,FAXE,Renseanlæg,,MBNDK,,8335,,105597,,7894,,697,,2480449,,697534.000001816,6126541.99986403
2024,400,999,LANGELAND SPILDEVAND ApS,240,999,Langeland,,,baec846e-a48f-4d0c-bc08-18f6b656d6b7,baec846e-a48f-4d0c-bc08-18f6b656d6b7,Strynø Renseanlæg,Renseanlæg,,MBNDKF,,5,,97,,194,,10,,5588,,603011.000001137,6084980.99987337
2024,516,999,Askø Strandvig Grundejerforening,516,999,Lolland,,,bb28e7a1-8ec7-422c-8371-197d8304a940,bb28e7a1-8ec7-422c-8371-197d8304a940,ASKØ STRANDVIG,Renseanlæg,,MBK,,171,,1576,,194,,32,,28770,,660275,6085335
2024,110,999,LOLLAND SPILDEVAND A/S,110,999,Lolland,,,bb28f28f-0cbf-409c-b974-8dc53a2e08da,bb28f28f-0cbf-409c-b974-8dc53a2e08da,ERRINDLEV HAVN,Renseanlæg,,MBS,,1,,25,,47,,4,,961,,664577.000001783,6058721.9998707
2024,4000,999,ENERGI VIBORG VAND A/S,3150,999,Viborg,,,bb8d9f9f-52b4-4b64-bb5b-4179cfd50f3d,bb8d9f9f-52b4-4b64-bb5b-4179cfd50f3d,Hammershøj,Renseanlæg,,MBK,,372,,3943,,1354,,52,,214985,,546598.000000533,6261092.99987335
2024,130,999,MONIER ApS,130,999,Viborg,,,bbd69f5e-5b9f-4f5f-b8e3-77f0549679d4,bbd69f5e-5b9f-4f5f-b8e3-77f0549679d4,Monier A/S Hersom Værket,Renseanlæg,,MB,,132,,405,,92,,15,,1182,,532558.000000373,6268369.99987334
2024,11500,999,NK-SPILDEVAND A/S,8378,999,Næstved,,,bc1349d7-5aa8-4f54-ba48-98f528051ee1,bc1349d7-5aa8-4f54-ba48-98f528051ee1,HOLME OLSTRUP,Renseanlæg,,MBNDK,,1716,,21066,,2948,,175,,1202164,,680919.000001884,6127843.9998679
2024,15800,999,HOFOR SPILDEVAND DRAGØR A/S,22500,999,Dragør,,,bc2eb2dc-21ad-4bae-966a-9826f643a770,bc2eb2dc-21ad-4bae-966a-9826f643a770,Dragør,Renseanlæg,,MBNDK,,9201,,68353,,10574,,853,,2186120,,731596.000000133,6167873.99984753
2024,60,999,Ørnevinge v/Carl Ove Møller,60,999,Lolland,,,bc3b8185-8d72-4029-97c7-658d317d66aa,bc3b8185-8d72-4029-97c7-658d317d66aa,PEDERSTRUP EFTERSKOLE,Renseanlæg,,MBN,,198,,675,,185,,30,,2364,,645000.233518824,6085849.31140337
2024,18333,999,SVENDBORG SPILDEVAND A/S,20000,999,Svendborg,,,bc44b5f9-6fb6-4496-a653-88a03a895771,bc44b5f9-6fb6-4496-a653-88a03a895771,Egebjerg syd Renseanlæg,Renseanlæg,,MBNDKL,,5896,,45589,,4994,,267,,1174786,,589800.000000993,6099509.99987344
2024,2500,999,VORDINGBORG SPILDEVAND A/S,1795,999,Vordingborg,,,bcdf46f0-6907-44d2-a91d-c70c97c80bf3,bcdf46f0-6907-44d2-a91d-c70c97c80bf3,BØNSVIG - STAVREBY,Renseanlæg,,MBND,,409,,6206,,1345,,153,,153662,,702529.000001762,6109001.99986276
2024,30000,999,FORSYNING HELSINGØR SPILDEVAND A/S,30000,999,Helsingør,,,bcf08610-77c5-4d96-8c8c-21d36548d252,bcf08610-77c5-4d96-8c8c-21d36548d252,Sydkysten,Renseanlæg,,MBNDK,,8334,,57879,,8459,,483,,2242569,,722686.755741321,6210875.06955899
2024,690,999,FREDERIKSHAVN SPILDEVAND A/S,570,999,Frederikshavn,,,bd5c393e-c613-467d-a652-3676126cf588,bd5c393e-c613-467d-a652-3676126cf588,Brønden,Renseanlæg,,MB,,19,,195,,122,,11,,5232,,574674.00000087,6349745.9998733
2024,210000,999,HORSENS VAND A/S,210000,999,Horsens,,,bd86fa0f-b3cd-4ce7-9cd5-40ba8896c27e,bd86fa0f-b3cd-4ce7-9cd5-40ba8896c27e,Horsens,Renseanlæg,,MBNDK,,34457,,277631,,50973,,3111,,10690704.0,,553691.000000605,6190267.9998734
2024,24000,999,VEJEN FORSYNING A/S,28000,999,Vejen,,,bdf6f944-2a77-4810-a108-a6327aab0542,bdf6f944-2a77-4810-a108-a6327aab0542,Vejen,Renseanlæg,,MBNDK,,16481,,133102,,10653,,2303,,4011087,,511249.000000126,6146073.99987345
2024,265000,999,AALBORG KLOAK A/S,227000,999,Aalborg,,,be0aefe9-4ed0-4b7d-9c7f-cfe44b035fb0,be0aefe9-4ed0-4b7d-9c7f-cfe44b035fb0,Aalborg Vest,Renseanlæg,,MBNDK,,59160,,648114,,130293,,12182,,21826190.0,,552263.000000606,6323527.99987333
2024,230000,999,VESTFORSYNING SPILDEVAND A/S,188000,999,Holstebro,,,be2de759-1ddf-4186-a9b3-b0a0bd299c99,be2de759-1ddf-4186-a9b3-b0a0bd299c99,Holstebro,Renseanlæg,,MBNDK,,17906,,176354,,26063,,2367,,6247043,,475188.999999717,6245739.99987335
2024,21500,999,Skanderborg Spildevand A/S,21500,999,Skanderborg,,,be705dd8-8a50-4ec3-b16b-b3454129e58d,be705dd8-8a50-4ec3-b16b-b3454129e58d,Skovby Renseanlæg,Renseanlæg,,MBNDK,,5295,,49859,,6236,,378,,2619822,,559163.000000672,6225607.99987336
2024,5000,999,NFS SPILDEVAND A/S,5000,999,Nyborg,,,be7e2b3a-bafb-4671-893b-3c50b17f16b1,be7e2b3a-bafb-4671-893b-3c50b17f16b1,Kløverhage Renseanlæg,Renseanlæg,,MBNK,,1239,,11146,,2675,,492,,572471,,615860.00000129,6121759.99987311
2024,12000,999,SILKEBORG SPILDEVAND A/S,10451,999,Silkeborg,,,be9c52d8-b86f-4b7f-afaf-8a4fd2b4b9b0,be9c52d8-b86f-4b7f-afaf-8a4fd2b4b9b0,Truust CR,Renseanlæg,,MBNDK,,1737,,20380,,2067,,147,,862736,,541242.00000047,6238125.99987336
2024,50,999,FORS Spildevand Holbæk A/S,30,999,Kalundborg,,,bef80aad-aa44-439a-acbb-27273b43b1a4,bef80aad-aa44-439a-acbb-27273b43b1a4,GODTHÅB FAURBO,Renseanlæg,,Mekanisk rens.,,770,,1575,,187,,29,,1970,,650149.000001682,6174563.9998715
2024,620,999,SAMSØ SPILDEVAND A/S,735,999,Samsø,,,bf62e57c-a231-4dec-8351-fef145c019bf,bf62e57c-a231-4dec-8351-fef145c019bf,Onsbjerg,Renseanlæg,,Rodzoneanlæg,,35,,636,,169,,12,,21680,,598852.000001116,6191003.99987325
2024,50,999,SKIVE VAND A/S,50,999,Skive,,,c02b1c31-e515-41af-9ca8-6ecc80bfae84,c02b1c31-e515-41af-9ca8-6ecc80bfae84,Hejlskov,Renseanlæg,,MBS,,11,,141,,91,,5,,8732,,513380.000000153,6274948.99987334
2024,165,999,LOLLAND SPILDEVAND A/S,165,999,Lolland,,,c02b2098-0268-4027-adf6-17889ac60ea6,c02b2098-0268-4027-adf6-17889ac60ea6,VINDEBY,Renseanlæg,,Rodzoneanlæg,,7,,87,,41,,5,,3569,,637868.000001526,6088753.99987251
2024,14000,999,VEJEN FORSYNING A/S,18000,999,Vejen,,,c12a41af-90c1-4ae9-a996-7734b2e9b75a,c12a41af-90c1-4ae9-a996-7734b2e9b75a,Brørup,Renseanlæg,,MBNDK,,5371,,34845,,4794,,307,,1413442,,500687.000000008,6150257.99987344
2024,10200,999,ASSENS RENSNING A/S,6000,999,Assens,,,c19e44db-bc0b-4ac3-a9ac-a71871620151,c19e44db-bc0b-4ac3-a9ac-a71871620151,Vissenbjerg Renseanlæg,Renseanlæg,,MBNDK,,1990,,17104,,2790,,250,,1169755,,569065.00000077,6139490.99987344
2024,5500,999,STEVNS SPILDEVAND A/S,5500,999,Stevns,,,c274e853-97af-4352-931c-cb3a4c6f2efb,c274e853-97af-4352-931c-cb3a4c6f2efb,RØDVIG,Renseanlæg,,MBNK,,988,,8170,,812,,140,,282091,,712671.000001483,6127213.99985873
2024,120,999,Region Syddanmark,120,999,Middelfart,,,c27a5c95-9f7f-4843-b1cd-c882b4d7146b,c27a5c95-9f7f-4843-b1cd-c882b4d7146b,Udby Behandlingshjem Rens.,Renseanlæg,,MBK,,116,,394,,108,,3,,1379,,554911.839782989,6142681.69838218
2024,99,999,Andel A.M.B.A.,99,999,Kalundborg,,,c2dbb422-176d-4aef-9125-a44f30051eba,c2dbb422-176d-4aef-9125-a44f30051eba,Årbyhus KURSUSCENTER,Renseanlæg,,MB,,352,,1080,,246,,40,,3152,,631300.000001478,6166699.99987258
2024,2000,999,RINGKØBING-SKJERN FORSYNING A/S,1500,999,Ringkøbing-Skjern,,,c322ce0e-22db-4917-bd61-e710c14a88dc,c322ce0e-22db-4917-bd61-e710c14a88dc,Stadil,Renseanlæg,,MBNK,,390,,4861,,656,,46,,180452,,451912.999999454,6228317.99987336
2024,50,999,,0,999,Frederikssund,,,c39dc999-f03b-40d6-baae-99361a2e6cba,c39dc999-f03b-40d6-baae-99361a2e6cba,Højstenshus,Renseanlæg,,Mekanisk rens.,,770,,1575,,187,,29,,1970,,685505.000001869,6190978.9998664
2024,6800,999,SORØ SPILDEVAND A/S,6800,999,Sorø,,,c39e9e8f-87de-4090-bed1-e052f9751a9d,c39e9e8f-87de-4090-bed1-e052f9751a9d,STENLILLE,Renseanlæg,,MBNDK,,832,,10555,,1206,,86,,387246,,662476.340382187,6157956.51842151
2024,33000,999,LOLLAND SPILDEVAND A/S,24426,999,Lolland,,,c3b87804-727e-4b3b-a39f-32fd22a64ef5,c3b87804-727e-4b3b-a39f-32fd22a64ef5,NAKSKOV,Renseanlæg,,MBNDK,,4865,,65808,,9100,,2102,,2707175,,626770,6072440
2024,125000,999,DIN Forsyning Spildevand A/S,125000,999,Esbjerg,,,c40902d9-3976-47db-9050-5bae48df15bc,c40902d9-3976-47db-9050-5bae48df15bc,Esbjerg øst,Renseanlæg,,MBNDK,,10954,,198986,,25734,,2228,,7123750,,465954,6145211
2024,4400,999,ENERGI VIBORG VAND A/S,4400,999,Viborg,,,c4abb4bb-a755-4dc7-997b-22fefb1c57a5,c4abb4bb-a755-4dc7-997b-22fefb1c57a5,Fiskbæk,Renseanlæg,,MBNDK,,471,,5256,,863,,88,,240510,,518924.000000217,6263243.99987334
2024,58000,999,LEMVIG VAND OG SPILDEVAND A/S,53445,999,Lemvig,,,c51ad294-a14b-4988-8aeb-110c8987324b,c51ad294-a14b-4988-8aeb-110c8987324b,Harboøre,Renseanlæg,,MBNDK,,1798,,17604,,2814,,258,,762759,,450642.999999434,6274411.99987334
2024,320,999,DIN Forsyning Spildevand A/S,320,999,Esbjerg,,,c5b00018-9c7f-422b-b713-9966d9946b5e,c5b00018-9c7f-422b-b713-9966d9946b5e,Mandø,Renseanlæg,,Rodzoneanlæg,,29,,478,,362,,85,,9487,,471039.999999678,6125323.99987347
2024,1000,999,TØNDER SPILDEVAND A/S,1000,999,Tønder,,,c6075af9-8cff-4490-a8bd-b8a1a071e8fb,c6075af9-8cff-4490-a8bd-b8a1a071e8fb,BRØNS,Renseanlæg,,MBN,,275,,3332,,686,,149,,129378,,483090.117936009,6116026.18237712
2024,17000,999,FORS Spildevand Roskilde A/S,17000,999,Roskilde,,,c74f0a7b-efd7-4e4d-9f4f-2e2a22b3f2d0,c74f0a7b-efd7-4e4d-9f4f-2e2a22b3f2d0,Jyllinge,Renseanlæg,,MBNDK,,3989,,38459,,4702,,711,,993641,,694356.00000181,6183258.99986422
2024,0,999,Susanne Schibler,0,999,Hedensted,,,c7f05785-1aef-41c2-b10a-9d68bfa03afb,c7f05785-1aef-41c2-b10a-9d68bfa03afb,"Hjarnø Camping, Hovedvejen 29",Renseanlæg,,Mekanisk rens.,,1232,,2520,,299,,46,,3152,,567850.000000764,6187899.99987339
2024,14000,999,BORNHOLMS SPILDEVAND A/S,9500,999,Bornholm,,,c80c0e25-2165-489a-80b5-cbf9eab23b14,c80c0e25-2165-489a-80b5-cbf9eab23b14,Nexø Renseanlæg,Renseanlæg,,MBNDK,,2287,,32106,,3722,,245,,1266389,,891970.999632906,6118205.99928356
2024,200,999,LOLLAND SPILDEVAND A/S,200,999,Lolland,,,c842f0a4-f9a4-4a38-b927-14f3de593197,c842f0a4-f9a4-4a38-b927-14f3de593197,TÅRS FÆRGEHAVN,Renseanlæg,,MK,,42,,275,,72,,5,,2210,,630454.000001442,6082957.99987281
2024,2400,999,Novafos Spildevand Egedal A/S,2400,999,Egedal,,,c9271a6e-adef-4138-be91-9e35faca186b,c9271a6e-adef-4138-be91-9e35faca186b,Slagslunde,Renseanlæg,,MBNDK,,496,,5686,,487,,51,,245608,,702423.711984458,6188302.79885357
2024,30,999,,0,999,Køge,,,c9dfacb9-751c-4c11-bc0e-8729ef28a6ff,c9dfacb9-751c-4c11-bc0e-8729ef28a6ff,Lygtebanke renseanlæg,Renseanlæg,,MBN,,99,,338,,92,,15,,1182,,686048.197273871,6150474.80679652
2024,4000,999,ASSENS RENSNING A/S,6000,999,Assens,,,c9ee7cb6-3425-4bf0-8346-bfa3d191252c,c9ee7cb6-3425-4bf0-8346-bfa3d191252c,Holmehave Renseanlæg,Renseanlæg,,MBNDKL,,1141,,11112,,1278,,187,,625495,,577284.00000086,6128653.99987344
2024,3000,999,SK SPILDEVAND A/S,3000,999,Slagelse,,,ca4497cf-7780-4a9a-a70e-4bacbb21a6b0,ca4497cf-7780-4a9a-a70e-4bacbb21a6b0,DALMOSE,Renseanlæg,,MBNK,,631,,5925,,655,,85,,322297,,653445,6129505
2024,50,999,,50,999,Holbæk,,,cada45b2-6458-4a2f-9f46-7e360613ee87,cada45b2-6458-4a2f-9f46-7e360613ee87,ORØSTRAND,Renseanlæg,,MB,,220,,675,,154,,25,,1970,,674900.000001868,6186099.99986852
2024,2500,999,HERNING RENS A/S,2500,999,Herning,,,cb102c6b-aecb-4bbb-8516-2c3afee371c3,cb102c6b-aecb-4bbb-8516-2c3afee371c3,Sdr. Felding Renseanlæg,Renseanlæg,,MBNK,,1113,,7592,,1481,,80,,411311,,485468.999999836,6199212.99987339
2024,20000,999,VESTFORSYNING SPILDEVAND A/S,15000,999,Holstebro,,,cbc87e62-37bf-45ca-80dd-dc77a1d5627f,cbc87e62-37bf-45ca-80dd-dc77a1d5627f,Vinderup,Renseanlæg,,MBNDK,,4219,,32485,,1896,,170,,1118112,,485824.999999838,6259759.99987334
2024,115,999,,105,999,Syddjurs,,,cc6f77d0-e165-4ca8-b4d8-bbda03991646,cc6f77d0-e165-4ca8-b4d8-bbda03991646,Ungdom Med Opgave,Renseanlæg,,MB,,462,,1418,,323,,53,,4137,,576626.000000875,6251717.99987332
2024,1507,999,AquaDjurs A/S,1507,999,Syddjurs,,,ccf1423a-7710-49d0-a815-66d16d1f7ecb,ccf1423a-7710-49d0-a815-66d16d1f7ecb,Tåstrup Feldballe,Renseanlæg,,MBNL,,756,,7331,,905,,114,,270381,,597723.000001115,6240096.99987321
2024,1000,999,BlueKolding Spildevand A/S,1000,999,Kolding,,,ce7db384-5e92-4985-be96-667ba40c8b71,ce7db384-5e92-4985-be96-667ba40c8b71,ØDIS RENSEANLÆG,Renseanlæg,,MBNK,,1370,,6935,,1078,,171,,242400,,524745.825216084,6139332.3009827
2024,90,999,Helsehjemmet,90,999,Haderslev,,,cecb2d89-c839-48f7-807a-043b4a2be1d0,cecb2d89-c839-48f7-807a-043b4a2be1d0,HELSE- og EHLERSHJEMMET,Renseanlæg,,BS  Biologisk sandfilter,,396,,1215,,277,,45,,3546,,532892.000000365,6112766.99987349
2024,39,999,NK-SPILDEVAND A/S,40,999,Næstved,,,cf980c8f-63b8-4734-96d9-b81ea1270dba,cf980c8f-63b8-4734-96d9-b81ea1270dba,HJULEBÆK,Renseanlæg,,Mekanisk rens.,,144,,295,,35,,5,,369,,676148.00000187,6131352.9998687
2024,1150,999,VORDINGBORG SPILDEVAND A/S,1150,999,Vordingborg,,,d005989a-1476-4fcc-9387-e82602423d27,d005989a-1476-4fcc-9387-e82602423d27,KLINTHOLM HAVN,Renseanlæg,,MBN,,62,,928,,125,,28,,36677,,721748.000001179,6094872.99985531
2024,20000,999,SVENDBORG SPILDEVAND A/S,20000,999,Svendborg,,,d013633d-58c2-46f4-8ce3-376c95842f2c,d013633d-58c2-46f4-8ce3-376c95842f2c,Strandgården Renseanlæg,Renseanlæg,,MBNDK,,856,,15707,,2242,,117,,664523,,614621.000001274,6114086.99987315
2024,75,999,GULDBORGSUND SPILDEVAND A/S,75,999,Guldborgsund,,,d1ea7d3a-45a5-433e-a57a-1995721044e8,d1ea7d3a-45a5-433e-a57a-1995721044e8,RYKKERUP,Renseanlæg,,Bassinanlæg,,955,,1953,,232,,36,,2443,,674738.000001857,6070503.99986936
2024,3500,999,ENERGI VIBORG VAND A/S,3500,999,Viborg,,,d325ff58-6296-4238-9d3d-9273407d7255,d325ff58-6296-4238-9d3d-9273407d7255,Skals,Renseanlæg,,MBNDK,,573,,9273,,1880,,163,,519946,,523550.00000027,6268467.99987334
2024,18000,999,Skanderborg Spildevand A/S,13518,999,Skanderborg,,,d337ec42-e31c-4d57-912e-d5de7af92305,d337ec42-e31c-4d57-912e-d5de7af92305,Hørning Renseanlæg,Renseanlæg,,MBNDK,,5058,,34011,,2382,,287,,1311808,,565297.00000074,6217425.99987336
2024,3500,999,FAXE SPILDEVANDSCENTER A/S,3500,999,Faxe,,,d3ee68f5-10d5-459b-bbb9-9b2b00417e9c,d3ee68f5-10d5-459b-bbb9-9b2b00417e9c,KARISE,Renseanlæg,,MBNDK,,623,,7387,,824,,92,,392934,,703864.00000171,6133467.99986195
2024,100,999,Castberggård,100,999,Hedensted,,,d4446cc8-ca6c-40fd-ac3c-4c252ca9f7a6,d4446cc8-ca6c-40fd-ac3c-4c252ca9f7a6,Castberggård,Renseanlæg,,MB,,215,,658,,150,,24,,1921,,548900.00000055,6180278.99987341
2024,850,999,LOLLAND SPILDEVAND A/S,850,999,Lolland,,,d509ea41-c2cf-4356-91cf-a5b27b3f569e,d509ea41-c2cf-4356-91cf-a5b27b3f569e,SANDBY,Renseanlæg,,MB,,317,,2715,,570,,78,,135828,,633804.000001479,6082357.99987269
2024,385000,999,VANDCENTER SYD A/S,385000,999,Odense,,,d5510db8-4c3a-49f4-a425-79693442ea4b,d5510db8-4c3a-49f4-a425-79693442ea4b,Ejby Mølle Renseanlæg,Renseanlæg,,MBNDKF,,46471,,444549,,107896,,5818,,22454600.0,,589940.000001004,6140174.99987338
2024,50,999,Lone Kjærgaard Kloster,55,999,Holstebro,,,d56343e0-e33d-46a8-8af9-88b9d6d8333a,d56343e0-e33d-46a8-8af9-88b9d6d8333a,Pallisbjerg Renseanlæg - BioKube,Renseanlæg,,SO,,220,,675,,154,,25,,1970,,452562.937436928,6237226.32844352
2024,120,999,,120,999,Bornholm,,,d58f12d7-20f3-4e6b-80a2-512e482e247c,d58f12d7-20f3-4e6b-80a2-512e482e247c,Bådstad Camping,Renseanlæg,,Mekanisk rens.,,462,,945,,112,,17,,1182,,873622.999757494,6136240.99942357
2024,30,999,SKIVUM KRAT CLAUS FISCHER,30,999,Vesthimmerlands,,,d59f4857-b788-4447-8809-23b62efdd186,d59f4857-b788-4447-8809-23b62efdd186,Skivum Krat,Renseanlæg,,MBNKF,,33,,135,,79,,1,,1182,,536324.943934654,6304295.06379931
2024,60,999,,60,999,Lemvig,,,d5b20155-1be8-4e01-8a6f-38124298707a,d5b20155-1be8-4e01-8a6f-38124298707a,REMMERSTRAND-LEJREN,Renseanlæg,,Mekanisk rens.,,924,,1890,,224,,35,,2364,,468447.999999638,6267810.99987334
2024,83000,999,AARHUS VAND A/S,100000,999,Aarhus,,,d68d86f2-e486-4a0d-ad32-9ad59cff0766,d68d86f2-e486-4a0d-ad32-9ad59cff0766,Viby J - Fiskbæk - fiktivt,Renseanlæg,,Sekundær udledning,,429,,4453,,1333,,65,,261466,,573975.301394018,6210543.8970162
2024,50,999,FORS Spildevand Holbæk A/S,50,999,Holbæk,,,d6ac7ac0-52b0-483c-8984-4063dff09652,d6ac7ac0-52b0-483c-8984-4063dff09652,HELLESTRUP,Renseanlæg,,Mekanisk rens.,,770,,1575,,187,,29,,1970,,669763,6172438.23
2024,4500,999,TØNDER SPILDEVAND A/S,4500,999,Tønder,,,d6dff669-11bd-4612-a5e4-0eb59f5ea136,d6dff669-11bd-4612-a5e4-0eb59f5ea136,HØJER,Renseanlæg,,MBNK,,788,,9557,,1556,,395,,358891,,480310.999999783,6089805.99987353
2024,250,999,,250,999,Roskilde,,,d7772fce-6af5-40a3-975e-cc7bc46cb589,d7772fce-6af5-40a3-975e-cc7bc46cb589,Munkesøgård,Renseanlæg,,BS  Biologisk sandfilter,,5,,103,,196,,34,,4925,,697297.000001781,6172367.9998635
2024,47000,999,VORDINGBORG SPILDEVAND A/S,31488,999,Vordingborg,,,d8a5612f-abb9-495b-8066-89f3c3297c3c,d8a5612f-abb9-495b-8066-89f3c3297c3c,VORDINGBORG,Renseanlæg,,MBNDK,,16842,,157422,,23489,,3905,,3339911,,683886.00000189,6097135.9998676
2024,526,999,LOLLAND SPILDEVAND A/S,526,999,Lolland,,,d8fac44d-b582-4088-a011-e2e4d5136f77,d8fac44d-b582-4088-a011-e2e4d5136f77,VESTER TIRSTED,Renseanlæg,,MBS,,173,,1159,,1164,,121,,59043,,650898.000001657,6067693.99987184
2024,60000,999,GREVE SPILDEVAND A/S,60000,999,Greve,,,da2305f6-a4b3-4d3a-a0dd-5c71883bbbaa,da2305f6-a4b3-4d3a-a0dd-5c71883bbbaa,Mosede,Renseanlæg,,MBNDK,,21352,,209504,,44413,,4353,,6033297,,707808.00000157,6162802.99986003
2024,65,999,,65,999,Norddjurs,,,da24c1bf-4934-48ca-9e02-424c0e25f2a9,da24c1bf-4934-48ca-9e02-424c0e25f2a9,Mejlgård Gods,Renseanlæg,,Bassinanlæg,,1001,,2047,,243,,37,,2561,,601625.158170116,6264454.53023807
2024,100000,999,ASSENS RENSNING A/S,69000,999,Assens,,,da6db4c3-88d3-4024-a44d-0db338ddc8aa,da6db4c3-88d3-4024-a44d-0db338ddc8aa,Assens Renseanlæg,Renseanlæg,,MBNDK,,3850,,40577,,7595,,413,,2373441,,555159,6125003
2024,25000,999,KERTEMINDE FORSYNING - SPILDEVAND A/S,25000,999,Kerteminde,,,da9a86a4-56da-4ff1-80d4-09647d3509b6,da9a86a4-56da-4ff1-80d4-09647d3509b6,Kerteminde/Munkebo,Renseanlæg,,MBNDK,,6750,,75407,,15138,,986,,3784931,,611080.000001244,6149799.99987315
2024,80,999,SK SPILDEVAND A/S,250,999,Slagelse,,,db7b6891-bb33-441c-ab73-af2cb1c5597d,db7b6891-bb33-441c-ab73-af2cb1c5597d,Oreby renseanlæg,Renseanlæg,,MBBR,,26,,246,,112,,27,,5746,,652120.335846093,6127765.97367673
2024,22500,999,FORS Spildevand Holbæk A/S,22500,999,Holbæk,,,dc8570f2-26a1-4278-957d-c1bd8386b9bc,dc8570f2-26a1-4278-957d-c1bd8386b9bc,TORNVED C.,Renseanlæg,,MBNDK,,9437,,143994,,9540,,1574,,1769751,,655169.00000173,6172023.99987109
2024,6700,999,SAMSØ SPILDEVAND A/S,8624,999,Samsø,,,dd4e6a40-dbfa-46da-a3cd-53f51f3244e5,dd4e6a40-dbfa-46da-a3cd-53f51f3244e5,Ballen + Havledning,Renseanlæg,,MBNDK,,1113,,12161,,2375,,113,,426942,,603235.000001165,6186130.9998732
2024,100,999,AquaDjurs A/S,100,999,Syddjurs,,,ddb768bb-3051-4029-8563-6626f5e3e0dd,ddb768bb-3051-4029-8563-6626f5e3e0dd,Holme,Renseanlæg,,MB,,15,,185,,31,,3,,3317,,608694.000001239,6233831.99987307
2024,2450,999,FORS Spildevand Lejre A/S,2450,999,Lejre,,,de220cdd-af95-4928-a6f7-b66b00508756,de220cdd-af95-4928-a6f7-b66b00508756,Sæby Renseanlæg,Renseanlæg,,MBNDK,,625,,4895,,536,,45,,140537,,686652.00000187,6176916.99986627
2024,10900,999,Vandmiljø Randers A/S,10900,999,Randers,,,de9f8c20-2312-4147-b933-64541ebb9137,de9f8c20-2312-4147-b933-64541ebb9137,Langå,Renseanlæg,,MBNDK,,1706,,17034,,2688,,216,,624895,,556055.00000064,6250245.99987335
2024,50,999,Park 13 - Danmarks Japanske Have ApS,155,999,Aarhus,,,df2bc8a4-bfc8-47cc-9cfc-3ab1e50c70c0,df2bc8a4-bfc8-47cc-9cfc-3ab1e50c70c0,Danmarks Japanske Have,Renseanlæg,,MBN,,165,,563,,154,,25,,1970,,569983.000000796,6231256.99987335
2024,2360,999,SAMSØ SPILDEVAND A/S,2360,999,Samsø,,,dfd9c6b5-946d-4bd3-a27d-c747a97ae404,dfd9c6b5-946d-4bd3-a27d-c747a97ae404,Nordøens Renseanlæg,Renseanlæg,,MB,,132,,1616,,235,,19,,63944,,598014.251245275,6203569.28891305
2024,15000,999,Novafos Spildevand Rudersdal A/S,15000,999,Rudersdal,,,e0e9f794-ff71-4ddd-a509-293d1f4f08f8,e0e9f794-ff71-4ddd-a509-293d1f4f08f8,Sjælsø,Renseanlæg,,MBNDK,,4100,,42948,,5637,,772,,1489417,,717227.000001092,6197509.99985513
2024,30,999,,30,999,Faaborg-Midtfyn,,,e10f456c-485d-440d-96eb-accd7c0f0360,e10f456c-485d-440d-96eb-accd7c0f0360,Sundgårdsvej Renseanlæg (BS),Renseanlæg,,BS  Biologisk sandfilter,,132,,405,,92,,15,,1182,,593633.693975928,6114458.51335012
2024,19600,999,VEJLE SPILDEVAND A/S,19600,999,Vejle,,,e1d44352-35f3-4bc6-ae6f-3982ccebfe7f,e1d44352-35f3-4bc6-ae6f-3982ccebfe7f,BREJNING CENTRALRENS.,Renseanlæg,,MBNDK,,4583,,23906,,5529,,310,,1858165,,543265.238726987,6170322.12519836
2024,17500,999,SILKEBORG SPILDEVAND A/S,17500,999,Silkeborg,,,e2033609-d863-4470-a6ae-eb73103a3da6,e2033609-d863-4470-a6ae-eb73103a3da6,Them,Renseanlæg,,MBNDK,,3178,,24349,,2105,,245,,816343,,534798.000000395,6218149.99987337
2024,22000,999,JAMMERBUGT FORSYNING A/S,22000,999,Jammerbugt,,,e237e2fe-0d06-4a87-8398-73aed344068e,e237e2fe-0d06-4a87-8398-73aed344068e,Attrup,Renseanlæg,,MBNDK,,2770,,30331,,4501,,434,,1217947,,529194.000000338,6322091.99987333
2024,27500,999,GRIBVAND A/S,24670,999,Gribskov,,,e2e97135-bc29-46be-bdde-964ea4e0fadf,e2e97135-bc29-46be-bdde-964ea4e0fadf,Helsinge,Renseanlæg,,MBNDKF,,3350,,64745,,12335,,478,,2878258,,699078.00000171,6211742.99986239
2024,38000,999,MORSØ SPILDEVAND A/S,38000,999,Morsø,,,e3003bc5-0525-4507-91f9-8a611d730c65,e3003bc5-0525-4507-91f9-8a611d730c65,Østerstrand,Renseanlæg,,MBNDK,,9263,,69418,,5794,,869,,2268075,,492362.999999912,6296815.99987333
2024,110,999,,200,999,Vordingborg,,,e31eecd6-7dea-4d8a-9be9-0843fefaeccb,e31eecd6-7dea-4d8a-9be9-0843fefaeccb,JUNGSHOVED OBSERVATIONSKOLONI,Renseanlæg,,Mekanisk rens.,,616,,1260,,150,,23,,1576,,701598.000001778,6108102.99986307
2024,50000,999,KALUNDBORG RENSEANLÆG A/S,50000,999,Kalundborg,,,e350d23a-14ff-4382-b599-7cf0afe9302b,e350d23a-14ff-4382-b599-7cf0afe9302b,KALUNDBORG C.,Renseanlæg,,MBNDK,,22122,,449264,,37988,,3690,,8112340,,630318.000001466,6166252.99987262
2024,52,999,REBILD VAND & SPILDEVAND A/S,30,999,Rebild,,,e3904faa-9686-4fac-aea7-eb556b27b90c,e3904faa-9686-4fac-aea7-eb556b27b90c,Binderup korsvej,Renseanlæg,,Mekanisk rens.,,385,,788,,94,,14,,985,,534770,6292108
2024,1000,999,KALUNDBORG RENSEANLÆG A/S,1000,999,Kalundborg,,,e4c4b4f3-249d-40e9-a8e5-52794c00e900,e4c4b4f3-249d-40e9-a8e5-52794c00e900,HELLES KLINT,Renseanlæg,,MB,,612,,1877,,428,,70,,5477,,620100.000001354,6177099.99987292
2024,16000,999,KALUNDBORG RENSEANLÆG A/S,16000,999,Kalundborg,,,e70f973d-2903-452b-a4a5-dcda931f941f,e70f973d-2903-452b-a4a5-dcda931f941f,ORNUM,Renseanlæg,,MBNDK,,4174,,46762,,4488,,407,,1801235,,634585.608471685,6159305.05705612
2024,14000,999,RINGKØBING-SKJERN FORSYNING A/S,14000,999,Ringkøbing-Skjern,,,e72182b2-2403-4988-bad3-d1a3c28ae1f0,e72182b2-2403-4988-bad3-d1a3c28ae1f0,Videbæk,Renseanlæg,,MBNDK,,4256,,31960,,5190,,657,,1205633,,480843.999999783,6212417.99987338
2024,50,999,,50,999,Ringkøbing-Skjern,,,e7ba3d4d-e533-4aa4-b13b-ac7ff59111b4,e7ba3d4d-e533-4aa4-b13b-ac7ff59111b4,HOUVIG,Renseanlæg,,Mekanisk rens.,,770,,1575,,187,,29,,1970,,445816,6222463
2024,60,999,,60,999,Guldborgsund,,,e7ef4b27-8c89-4548-89a4-297d845d7839,e7ef4b27-8c89-4548-89a4-297d845d7839,BJERREGÅRDSVEJ 2,Renseanlæg,,MBN,,168,,574,,157,,26,,2009,,691482.649296864,6075955.32189919
2024,120000,999,AARHUS VAND A/S,112000,999,Aarhus,,,e89c3928-bd3f-44f9-b702-314617a29cb3,e89c3928-bd3f-44f9-b702-314617a29cb3,Egå,Renseanlæg,,MBNDKF,,17890,,191055,,50333,,1734,,8744926,,577088.579253244,6230436.75877488
2024,850,999,SILKEBORG SPILDEVAND A/S,780,999,Silkeborg,,,e8fd80e6-a8b2-4f08-95a3-d563ec67e119,e8fd80e6-a8b2-4f08-95a3-d563ec67e119,Svostrup/Grauballe,Renseanlæg,,MBK,,208,,1590,,367,,15,,60933,,541439.000000471,6230317.99987336
2024,19000,999,ARWOS SPILDEVAND A/S,19000,999,Aabenraa,,,e9220455-0503-4c19-88ff-27caef512027,e9220455-0503-4c19-88ff-27caef512027,Bov Renseanlæg,Renseanlæg,,MBNDK,,4332,,37225,,3989,,1175,,1160139,,525615.000000282,6077674.99987355
2024,735,999,SAMSØ SPILDEVAND A/S,735,999,Samsø,,,e9854ecb-976a-44f5-99d9-1849ff66dcec,e9854ecb-976a-44f5-99d9-1849ff66dcec,Kolby Kås + Havledning,Renseanlæg,,Rodzoneanlæg,,17,,293,,57,,12,,9171,,595784.00000108,6183869.99987328
2024,100,999,VORDINGBORG SPILDEVAND A/S,100,999,Vordingborg,,,ea143867-5b63-428d-ab85-a415c1262835,ea143867-5b63-428d-ab85-a415c1262835,VIEMOSE ERHVERVSOMRÅDE,Renseanlæg,,Mekanisk rens.,,123,,252,,30,,5,,315,,593724.317249882,6170047.33044009
2024,60,999,,60,999,Køge,,,eae00630-849c-4201-914c-c721a35eab99,eae00630-849c-4201-914c-c721a35eab99,Solgården,Renseanlæg,,MBN,,132,,450,,123,,20,,1576,,696644.000001803,6156683.9998639
2024,1200,999,STRUER FORSYNING SPILDEVAND A/S,1170,999,Struer,,,eb2bada4-eec6-4d60-9de1-00ad688ee37e,eb2bada4-eec6-4d60-9de1-00ad688ee37e,Linde,Renseanlæg,,MBN,,426,,2862,,1627,,47,,206349,,467818.999999632,6252229.99987335
2024,160000,999,Vandmiljø Randers A/S,155990,999,Randers,,,eb3566e8-c3d8-474a-af0f-380e955ad81c,eb3566e8-c3d8-474a-af0f-380e955ad81c,Randers,Renseanlæg,,MBNDK,,24908,,238474,,76431,,5398,,10742450.0,,566009.000000755,6257292.99987333
2024,500,999,SAMSØ SPILDEVAND A/S,495,999,Samsø,,,eb62a13b-a31e-4dc8-9a3b-0b621108e6f6,eb62a13b-a31e-4dc8-9a3b-0b621108e6f6,Kolby,Renseanlæg,,Rodzoneanlæg,,24,,364,,76,,35,,10505,,598070.000001105,6184432.99987326
2024,50,999,GULDBORGSUND SPILDEVAND A/S,50,999,Guldborgsund,,,eb673912-35f2-4c86-96ae-45f34d950edc,eb673912-35f2-4c86-96ae-45f34d950edc,NAGELSTI STRANDBY,Renseanlæg,,Mekanisk rens.,,,,,,139,,16,,2013,,684415.000001893,6070530.99986774
2024,40,999,,0,999,Frederikssund,,,eb6ba604-1706-4500-9c9e-b3ffd05f67d9,eb6ba604-1706-4500-9c9e-b3ffd05f67d9,Bærentzens Fritidshjem,Renseanlæg,,MBN,,132,,450,,123,,20,,1576,,679454.994104869,6186235.53442364
2024,105,999,,0,999,Egedal,,,ec00d4e7-29de-4821-8e89-c31f117f8419,ec00d4e7-29de-4821-8e89-c31f117f8419,Ny Sperrestrup,Renseanlæg,,MB,,462,,1418,,323,,53,,4137,,700848.000001702,6189062.99986213
2024,12900,999,PROVAS-HADERSLEV SPILDEVAND A/S,10223,999,Haderslev,,,ecdee468-a832-46c1-9926-bfebfb1c3154,ecdee468-a832-46c1-9926-bfebfb1c3154,GRAM,Renseanlæg,,MBNDK,,5840,,48619,,5725,,532,,1650162,,502589.000000001,6127901
2024,4500,999,VEJLE SPILDEVAND A/S,4500,999,Vejle,,,ed004c31-a0d4-4dd1-87cd-9698f3545911,ed004c31-a0d4-4dd1-87cd-9698f3545911,THYREGOD RENSEANLÆG,Renseanlæg,,MBNK,,841,,8426,,1449,,86,,426361,,516230.000000183,6196829.99987339
2024,4200,999,FORS Spildevand Lejre A/S,4200,999,Lejre,,,ed80311d-7411-4713-b092-51c5456c8e41,ed80311d-7411-4713-b092-51c5456c8e41,Lyndby Renseanlæg,Renseanlæg,,MBNDK,,745,,7734,,761,,104,,343579,,685036.000001876,6173868.99986666
2024,12000,999,HILLERØD SPILDEVAND A/S,12000,999,Hillerød,,,ede173a4-4d6b-495d-b448-fd82adf5a24b,ede173a4-4d6b-495d-b448-fd82adf5a24b,Skævinge Centralrenseanlæg,Renseanlæg,,MBNDK,,2688,,25663,,2405,,568,,1008495,,695453.769572453,6199931.03991879
2024,28000,999,NFS SPILDEVAND A/S,28000,999,Nyborg,,,edee3880-bacb-4c67-ac73-3dfd97644a61,edee3880-bacb-4c67-ac73-3dfd97644a61,Ørbæk Renseanlæg,Renseanlæg,,MBNDK,,1653,,13557,,2241,,121,,824008,,606656.000001188,6126189.99987325
2024,125000,999,FORS Spildevand Roskilde A/S,125000,999,Roskilde,,,edf7294e-84bc-445c-8212-51bae5528ade,edf7294e-84bc-445c-8212-51bae5528ade,Bjergmarken,Renseanlæg,,MBNDK,,26831,,234927,,25069,,2570,,7713947,,692714.000001834,6172378.99986481
2024,115,999,ODDER SPILDEVAND A/S,99,999,Odder,,,ee0faed3-8a81-46f2-8a08-902dfcb611ff,ee0faed3-8a81-46f2-8a08-902dfcb611ff,Tunø,Renseanlæg,,Mekanisk rens.,,1525,,3119,,370,,57,,3901,,590319.000001021,6200892.9998733
2024,8000,999,ASSENS RENSNING A/S,8000,999,Assens,,,ee670dd6-2536-40be-af5b-af78240c41f6,ee670dd6-2536-40be-af5b-af78240c41f6,Årup Renseanlæg,Renseanlæg,,MBNDK,,1307,,11583,,2217,,163,,848516,,565753.000000733,6137470.99987345
2024,7400,999,ODSHERRED SPILDEVAND A/S,7400,999,Odsherred,,,ee6e4165-2581-4bac-919f-a7bdb8cf2b0e,ee6e4165-2581-4bac-919f-a7bdb8cf2b0e,Højby Renseanlæg,Renseanlæg,,MBNDK,,1137,,14479,,1280,,57,,446486,,660409.000001782,6198353.99987045
2024,76300,999,FORSYNING HELSINGØR SPILDEVAND A/S,76300,999,Helsingør,,,ef4556a1-1be3-4e70-afcc-b49a37b04300,ef4556a1-1be3-4e70-afcc-b49a37b04300,Helsingør,Renseanlæg,,MBNDK,,83934,,612051,,33981,,9521,,2591286,,724977.32503092,6214969.36201923
2024,1900,999,FORS Spildevand Holbæk A/S,1900,999,Holbæk,,,efcc8644-bc5c-42bc-acb2-bf275e2e3fed,efcc8644-bc5c-42bc-acb2-bf275e2e3fed,BYBJERG,Renseanlæg,,MBNDK,,288,,4040,,371,,46,,122610,,675038.000001868,6183053.99986852
2024,92000,999,FREDERIKSHAVN SPILDEVAND A/S,96935,999,Frederikshavn,,,efdcf5a7-edfb-40cd-87e7-4686a0a0f7b2,efdcf5a7-edfb-40cd-87e7-4686a0a0f7b2,Sæby,Renseanlæg,,MBNDK,,7310,,65528,,12668,,820,,2199446,,592921.000001085,6354876.9998732
2024,35,999,KIM MADSEN,35,999,Haderslev,,,f049bd1d-c3cd-42e3-ab10-313efdb61c55,f049bd1d-c3cd-42e3-ab10-313efdb61c55,"Ferielejligheder, Højrupvej 2",Renseanlæg,,MBNK,,77,,315,,108,,3,,1379,,517680,6136597
2024,135000,999,FREDERIKSHAVN SPILDEVAND A/S,92383,999,Frederikshavn,,,f07fc1f9-85c0-4c8b-80ee-f9f2a4df9021,f07fc1f9-85c0-4c8b-80ee-f9f2a4df9021,Frederikshavn,Renseanlæg,,MBNDK,,19980,,180531,,33857,,1326,,5531623,,592306.00000108,6365919.99987321
2024,800,999,REBILD VAND & SPILDEVAND A/S,192,999,Rebild,,,f0a50f76-292c-45ed-94d4-37a861348308,f0a50f76-292c-45ed-94d4-37a861348308,Korup,Renseanlæg,,Bassinanlæg,,205,,,,725,,47,,158722,,568128.000000785,6292267.99987332
2024,137,999,,137,999,Vordingborg,,,f0fc421b-990f-4e16-9dd9-b60e3b79dbef,f0fc421b-990f-4e16-9dd9-b60e3b79dbef,SKIPPERBYEN,Renseanlæg,,Mekanisk rens.,,1540,,3150,,374,,58,,3940,,700976.98680209,6087016.46514988
2024,70,999,GIESEGAARD LANDBRUG,70,999,Ringsted,,,f180d941-8c2a-4a4c-9fb2-86d57fa94d9b,f180d941-8c2a-4a4c-9fb2-86d57fa94d9b,Renseanlæg ved Giesegård,Renseanlæg,,MBNDK,,154,,630,,31,,5,,2758,,685813.917249883,6145573.73044009
2024,145,999,SK SPILDEVAND A/S,145,999,Slagelse,,,f188c512-057a-411b-a09e-92a3661be19f,f188c512-057a-411b-a09e-92a3661be19f,Hyllested,Renseanlæg,,MBBR,,147,,1095,,518,,94,,20067,,654339.000001717,6127279.99987126
2024,22500,999,FORS Spildevand Roskilde A/S,22500,999,Roskilde,,,f1dafc4a-47a7-4944-b71e-da4b7322283e,f1dafc4a-47a7-4944-b71e-da4b7322283e,Viby,Renseanlæg,,MBNDK,,1950,,20947,,3172,,195,,1014551,,690428.000001858,6160459.99986553
2024,110000,999,AALBORG KLOAK A/S,88250,999,Aalborg,,,f25f76d3-6f40-481d-bb5a-7fab8f032b32,f25f76d3-6f40-481d-bb5a-7fab8f032b32,Aalborg Øst,Renseanlæg,,MBNDK,,14761,,180805,,23256,,3231,,5688339,,564631.000000749,6323304.99987331
2024,11517,999,FORS Spildevand Lejre A/S,11517,999,Lejre,,,f2b10e53-9540-4315-b2d2-fb0372b87fd7,f2b10e53-9540-4315-b2d2-fb0372b87fd7,Hvalsø Renseanlæg,Renseanlæg,,MBNDKL,,2866,,31704,,3267,,264,,1035454,,678829.000001878,6165807.99986798
2024,2800,999,PROVAS-HADERSLEV SPILDEVAND A/S,2057,999,Haderslev,,,f2bffa5e-4818-4013-ae65-f36291fc0212,f2bffa5e-4818-4013-ae65-f36291fc0212,ÅRØSUND,Renseanlæg,,MK,,6073,,20434,,10617,,285,,508978,,544919.000000499,6124462.99987348
2024,9100,999,DIN Forsyning Spildevand A/S,9100,999,Varde,,,f3028694-081a-495f-9e93-c8c7abf9a755,f3028694-081a-495f-9e93-c8c7abf9a755,Nr. Nebel Renseanlæg,Renseanlæg,,MBNDK,,1740,,22295,,2473,,240,,822335,,455555.9999995,6182465.9998734
2024,20000,999,GULDBORGSUND SPILDEVAND A/S,20328,999,Guldborgsund,,,f30503ae-50ed-4d14-ad1e-a785ef56a3a4,f30503ae-50ed-4d14-ad1e-a785ef56a3a4,Marielyst Renseanlæg,Renseanlæg,,MBNDK,,3348,,49958,,3283,,559,,1037887,,689809.000001892,6065133.99986669
2024,600,999,SEJERØ SPILDEVANDSLAUG,600,999,Kalundborg,,,f3333847-be11-472c-8a5b-c1eae8bd4831,f3333847-be11-472c-8a5b-c1eae8bd4831,SEJERØ RENSEANLÆG,Renseanlæg,,MBN,,1980,,6750,,1848,,302,,23640,,634148.000001518,6195759.9998724
2024,100,999,SAMSØ SPILDEVAND A/S,100,999,Samsø,,,f3cc5e5b-de7e-4094-8448-3bab2fb33c78,f3cc5e5b-de7e-4094-8448-3bab2fb33c78,Østerby,Renseanlæg,,Rodzoneanlæg,,6,,114,,16,,6,,3698,,599938.000001128,6190834.99987323
2024,30000,999,BlueKolding Spildevand A/S,16600,999,Kolding,,,f3fbda47-237a-4ac9-a486-8b3333c8aee9,f3fbda47-237a-4ac9-a486-8b3333c8aee9,CHRISTIANSFELD RENSEANLÆG,Renseanlæg,,MBNDK,,10827,,54258,,4225,,1527,,1238238,,531571.000000352,6134252.99987346
2024,16000,999,Novafos Spildevand Egedal A/S,16000,999,Egedal,,,f4006e1f-4a2f-41bf-a594-99b09927eb1e,f4006e1f-4a2f-41bf-a594-99b09927eb1e,Stenløse,Renseanlæg,,MBNDKL,,1806,,28047,,2852,,1109,,1130430,,700898.000001708,6183642.99986219
2024,24500,999,SOLRØD SPILDEVAND A/S,24500,999,Solrød,,,f49972c3-96d4-4738-8670-d581848c1cba,f49972c3-96d4-4738-8670-d581848c1cba,Solrød,Renseanlæg,,MBNDK,,11858,,90112,,12502,,3043,,2477744,,704326.309312189,6158223.02227048
2024,5000,999,SONFOR Spildevand A/S,5000,999,Sønderborg,,,f4e1cbc6-dbdc-4c2a-b73a-1dbbdc503de0,f4e1cbc6-dbdc-4c2a-b73a-1dbbdc503de0,HUMMELVIG,Renseanlæg,,MBNDK,,1152,,12147,,2303,,127,,649174,,568670.000000756,6083704.99987353
2024,23753,999,AquaDjurs A/S,23753,999,Syddjurs,,,f510b594-e0f8-4dee-becb-6ea59c323baa,f510b594-e0f8-4dee-becb-6ea59c323baa,Boeslum,Renseanlæg,,MBNDK,,4650,,48268,,3628,,262,,1416618,,608216.000001233,6229609.99987309
2024,41600,999,HALSNÆS SPILDEVAND A/S,41600,999,Halsnæs,,,f54c88aa-af94-4ee0-b57e-c8590e9b3266,f54c88aa-af94-4ee0-b57e-c8590e9b3266,Melby Renseanlæg,Renseanlæg,,MBNDK,,19809,,168425,,24109,,2179,,4599744,,683358.000001869,6212059.99986668
2024,8500,999,REBILD VAND & SPILDEVAND A/S,7500,999,Rebild,,,f681f0f9-8600-4127-92c7-ea2c05fd653c,f681f0f9-8600-4127-92c7-ea2c05fd653c,Nørager,Renseanlæg,,MBNDK,,457,,6068,,1015,,184,,127243,,538596.000000444,6284137.99987334
2024,17300,999,IKAST-BRANDE SPILDEVAND A/S,17300,999,Ikast-Brande,,,f7c7bcd0-a6fb-4ad7-aa5c-b9c801440e6d,f7c7bcd0-a6fb-4ad7-aa5c-b9c801440e6d,Brande Renseanlæg,Renseanlæg,,MBNDK,,5263,,53516,,5510,,516,,2028420,,506460.000000073,6201365.99987338
2024,450,999,TØNDER SPILDEVAND A/S,450,999,Tønder,,,f943417a-3fc4-461c-9ff3-0ca1ae28f626,f943417a-3fc4-461c-9ff3-0ca1ae28f626,REJSBY,Renseanlæg,,MBN,,756,,5625,,737,,200,,78797,,482163.999999802,6121561.99987348
2024,75,999,,75,999,Lejre,,,fa5d419c-71c9-40d9-b4bc-90761362d89e,fa5d419c-71c9-40d9-b4bc-90761362d89e,Roskildehjemmet,Renseanlæg,,MBN,,231,,788,,216,,35,,2758,,691489.000001848,6165815.99986521
2024,8000,999,NK-SPILDEVAND A/S,8000,999,Næstved,,,fa9c9bac-79e9-45c5-a4eb-481955dcc3a6,fa9c9bac-79e9-45c5-a4eb-481955dcc3a6,FUGLEBJERG RENSEANLÆG,Renseanlæg,,MBNDK,,944,,12375,,1890,,136,,738233,,662418.000001782,6128978.99987056
2024,24000,999,HJØRRING VANDSELSKAB A/S,16000,999,Hjørring,,,fad8ff47-9ced-4fcb-a411-bf1b69128cf1,fad8ff47-9ced-4fcb-a411-bf1b69128cf1,Nr. Lyngby,Renseanlæg,,MBNDK,,2004,,18062,,1811,,288,,750811,,543828.000000512,6361706.99987333
2024,100,999,,200,999,Sønderborg,,,fb1965ff-752c-41d1-b5d9-4d0cd225f820,fb1965ff-752c-41d1-b5d9-4d0cd225f820,SØNDERKOBBEL STRAND CAMPING,Renseanlæg,,Mekanisk rens.,,3080,,6300,,748,,115,,7880,,561572.000000677,6078527.99987354
2024,1200,999,VORDINGBORG SPILDEVAND A/S,1200,999,Vordingborg,,,fb29692e-ed8b-4f4b-b9c6-b5b9ad4d1444,fb29692e-ed8b-4f4b-b9c6-b5b9ad4d1444,RÅBYLILLE STRAND,Renseanlæg,,MBS,,391,,4401,,2645,,253,,111807,,717198.000001382,6096662.9998574
2024,145,999,SAMSØ SPILDEVAND A/S,260,999,Samsø,,,fb3ed8c6-f031-4dda-ac67-d6f515904115,fb3ed8c6-f031-4dda-ac67-d6f515904115,Ørby,Renseanlæg,,Rodzoneanlæg,,9,,132,,26,,15,,5042,,598822.000001114,6182354.99987326
2024,5591,999,AquaDjurs A/S,5591,999,Syddjurs,,,fb661475-3f6d-4cdb-8350-f63837627a15,fb661475-3f6d-4cdb-8350-f63837627a15,Rønde,Renseanlæg,,MBNDK,,1154,,12233,,2208,,97,,663739,,590147.000001028,6240432.99987327
2024,1500,999,SKIVE VAND A/S,1500,999,Skive,,,fbeed4fb-cc89-4603-9e60-8be988d56017,fbeed4fb-cc89-4603-9e60-8be988d56017,Selde,Renseanlæg,,MBNDK,,430,,4627,,979,,61,,229589,,501556.000000018,6295203.99987333
2024,1000,999,VEMMETOFTE KLOSTER,1000,999,Faxe,,,fda7c28a-894a-4377-a0a8-0ec41cb6df6c,fda7c28a-894a-4377-a0a8-0ec41cb6df6c,VEMMETOFTE CAMPING,Renseanlæg,,MBNK,,1760,,7200,,2464,,58,,31520,,706716.000001659,6125099.99986108
2024,400,999,Kriminalforsorgen,400,999,Tønder,,,fe8b43d4-c5da-4414-ab41-ea4506ede850,fe8b43d4-c5da-4414-ab41-ea4506ede850,Renbæk Fængsel,Renseanlæg,,MB,,106,,1124,,236,,0,,35389,,492314.999999915,6114721.99987349
2024,145,999,SK SPILDEVAND A/S,145,999,Slagelse,,,fe9e4846-fd2d-4e90-8834-51f883fe68bf,fe9e4846-fd2d-4e90-8834-51f883fe68bf,Hejninge Renseanlæg,Renseanlæg,,MBBR,,256,,2239,,395,,43,,24977,,643793.517249882,6141267.93044009
2024,30,999,DIN Forsyning Spildevand A/S,30,999,Varde,,,ff24b015-10b6-4327-bc34-4893f57beb15,ff24b015-10b6-4327-bc34-4893f57beb15,Hostrup Renseanlæg,Renseanlæg,,MB,,132,,405,,92,,15,,1182,,481925.132068643,6168769.85836403
2024,47777,999,FFV SPILDEVAND A/S,70000,999,Faaborg-Midtfyn,,,ffc96063-a3d4-4f91-a79c-55352976b5ef,ffc96063-a3d4-4f91-a79c-55352976b5ef,Fåborg Renseanlæg,Renseanlæg,,MBNDK,,10033,,129012,,23814,,1890,,6631926,,576660.000000848,6102149.99987348
